Countries,2015,2014,2013,2012,2011,2010,2009,2008,2007,2006,2005,2004,2003,2002,2001,2000,Sex,Cause
Albania,,,,,,346.6,463.3,492.2,457.1,545.4,584.6,621.0,649.3,593.4,550.7,697.2 ,All,All
Anguilla,,,,,,,,,,,,,,,, ,All,All
Antigua and Barbuda,,,,,,,,,,,,,,,, ,All,All
Argentina,,564.8,578.2,579.1,589.8,601.6,589.1,596.2,633.3,606.5,621.6,634.4,665.1,658.5,661.7,661.8 ,All,All
Armenia,675.4,681.1,675.1,698.7,719.7,740.1,790.8,795.5,,746.7,,,826.2,821.5,619.0,620.9 ,All,All
Aruba,,,,,,,,,,,,,,,, ,All,All
Australia,,342.4,339.3,346.2,357.8,357.8,363.6,380.3,377.7,389.7,,400.7,407.4,422.6,424.0,440.5 ,All,All
Austria,,386.3,399.6,406.9,404.3,417.5,429.0,423.7,433.2,443.3,463.5,472.7,496.5,491.6,491.1,511.8 ,All,All
Azerbaijan,,,,,,,,,730.1,,,792.6,809.0,781.4,772.5,821.2 ,All,All
Bahamas,,,,,,,,,,,,,,,, ,All,All
Bahrain,,392.5,482.0,518.2,522.8,497.3,504.7,515.0,506.3,551.3,583.4,648.3,677.3,694.7,715.9,738.1 ,All,All
Barbados,,,,,,,,,,,,,,,, ,All,All
Belarus,,753.5,786.1,,889.1,911.5,904.4,909.5,919.7,,,,1040.8,1074.2,1030.8,995.7 ,All,All
Belgium,,,421.3,431.0,425.9,439.2,440.1,450.8,453.6,458.3,483.2,486.9,516.5,519.3,516.6,532.9 ,All,All
Belize,,,,,,,,,,,,,,,, ,All,All
Bermuda,,,,,,,,,,,,,,,, ,All,All
Bolivia,,,,,,,,,,,,,,,, ,All,All
Bosnia and Herzegovina,,570.2,,,616.7,,,,,,,,,,, ,All,All
Brazil,,613.5,626.5,634.0,654.0,662.8,663.6,668.7,675.7,691.1,702.6,738.9,747.4,759.6,773.2,791.7 ,All,All
British Virgin Islands,,,,,,,,,,,,,,,, ,All,All
Brunei Darussalam,,,,,,,,,,,,,,,, ,All,All
Bulgaria,,,678.8,713.8,721.4,746.3,744.1,768.2,792.5,807.6,820.9,815.6,838.5,848.9,854.1,883.7 ,All,All
Canada,,,,367.3,370.5,379.4,388.8,400.8,407.9,408.7,426.3,431.4,442.9,450.1,455.1,462.9 ,All,All
Cabo Verde,,,,,,,,,,,,,,,, ,All,All
Cayman Islands,,,,,,,,,,,,,,,, ,All,All
Chile,,424.7,430.6,440.7,441.3,469.7,458.9,448.7,476.7,473.6,492.7,509.1,512.1,513.6,536.0,533.4 ,All,All
Colombia,,,489.0,496.4,502.6,531.3,534.5,553.8,557.6,577.6,584.4,593.3,612.5,624.3,640.3,645 ,All,All
Costa Rica,,394.4,391.0,396.5,402.4,430.4,391.4,401.8,404.6,438.7,427.3,470.2,466.6,457.1,495.8,494.4 ,All,All
Croatia,559.9,541.3,548.1,573.3,578.5,600.2,620.1,633.3,649.2,641.6,675.8,654.7,720.7,703.2,705.6,818.6 ,All,All
Cuba,,499.7,493.2,490.5,488.8,523.8,514.6,524.2,513.3,520.2,560.7,546.5,541.5,523.6,571.7,564.1 ,All,All
Cyprus,,,359.1,386.4,382.4,372.2,391.7,408.1,433.4,428.1,478.0,459.7,,,,474.1 ,All,All
Czech Republic,506.6,496.6,524.1,531.2,538.1,550.1,565.2,567.9,584.0,599.6,636.2,647.5,682.5,670.3,668.7,680.9 ,All,All
Denmark,,416.4,433.0,440.8,451.8,475.4,488.2,495.3,511.8,517.8,519.7,539.0,559.0,573.1,570.8,573.6 ,All,All
Dominica,,,,,,,,,,,,,,,, ,All,All
Dominican Republic,,,,,,,,,,,,,,,, ,All,All
Ecuador,,439.7,453.8,470.2,474.2,483.4,480.9,497.7,495.9,509.0,514.3,509.8,513.2,547.3,561.3,589.8 ,All,All
Egypt,,1003.5,791.1,839.2,836.3,863.8,853.4,1604.4,1901.5,1891.7,1550.3,1583.2,884.7,862.1,851.7,820.3 ,All,All
El Salvador,,,582.1,564.5,595.7,605.5,625.0,618.3,628.1,648.4,661.1,650.0,656.2,623.8,687.7,679.8 ,All,All
Estonia,,551.2,554.4,579.6,583.5,612.3,644.3,686.7,739.3,747.3,758.1,786.4,813.8,834.2,852.8,843.4 ,All,All
Falkland Islands (Malvinas),,,,,,,,,,,,,,,, ,All,All
Fiji,,,,1089.5,1132.9,,1145.3,1181.1,1178.8,1189.3,1184.4,1166.3,1290.0,1240.7,1330.3, ,All,All
Finland,,401.3,406.3,419.5,422.2,437.9,443.4,448.6,461.0,462.9,474.8,488.4,503.6,515.8,518.9,539.5 ,All,All
France,,,362.4,371.0,370.7,383.1,389.5,395.7,398.5,408.4,430.3,429.4,468.7,463.6,467.3,471.6 ,All,All
French Guiana,,,,,,,,,,,,,,,, ,All,All
Georgia,,769.9,643.3,665.0,681.7,671.4,704.6,,641.1,678.5,686.7,847.7,,,690.5,729.5 ,All,All
Germany,,405.9,425.9,412.9,416.8,429.0,436.9,441.7,444.3,452.8,470.6,477.6,504.8,502.4,501.0,515.9 ,All,All
Greece,,,397.3,420.4,415.2,423.1,437.9,449.7,473.9,465.1,485.1,500.2,507.5,510.1,515.5,535 ,All,All
Grenada,,,,,,,,,,,,,,,, ,All,All
Guadeloupe,,,,,,,,,,,,,,,, ,All,All
Guatemala,,665.0,664.8,672.5,687.3,709.8,720.7,709.7,730.2,766.1,798.9,776.0,786.0,792.6,838.9,852.8 ,All,All
Guyana,,,,1057.5,1054.7,1112.0,934.2,1021.3,1007.2,1014.4,1069.4,1057.3,1008.1,1027.5,1022.5, ,All,All
Haiti,,,,,,,,,,,,,,,, ,All,All
Honduras,,,,,,,,,,,,,,,, ,All,All
Hong Kong SAR,,,303.4,315.7,318.5,337.5,338.5,352.9,353.7,348.6,376.4,378.1,384.8,377.4,381.6,409.2 ,All,All
Hungary,,629.7,640.3,664.7,669.5,688.1,702.4,712.4,741.8,746.6,781.9,778.2,806.6,797.8,799.6,867.4 ,All,All
Iceland,,,,,,,,,,,,,,,, ,All,All
Iraq,,,,,,,,,,,,,,,, ,All,All
Ireland,,,409.2,416.2,418.9,411.6,453.0,453.6,463.2,477.7,485.0,507.1,526.8,551.8,574.6,608.2 ,All,All
Israel,,353.1,358.1,370.5,368.9,372.8,377.6,404.8,425.0,424.5,442.2,442.8,461.5,472.8,471.7,491.8 ,All,All
Italy,,,,364.8,364.4,361.9,375.6,381.3,388.3,392.4,,,444.8,435.2,446.8,461 ,All,All
Jamaica,,,,,560.3,518.7,586.8,,,494.7,628.1,532.6,549.0,572.0,624.3,624.7 ,All,All
Japan,,307.8,315.3,322.5,338.6,331.0,328.9,339.2,341.4,347.0,358.7,355.8,363.1,364.0,372.8,383.8 ,All,All
Jordan,,,,,,,,,,,,,,,, ,All,All
Kazakhstan,813.7,838.5,881.3,943.0,970.9,1000.2,978.2,1068.7,1129.5,1141.6,1167.6,1148.6,1190.1,1157.0,1160.7,1154 ,All,All
Kiribati,,,,,,,,,,,,,,,, ,All,All
Kuwait,,374.6,380.2,420.2,389.3,428.5,481.5,463.1,461.5,606.3,594.2,620.2,617.7,544.4,568.1,607.2 ,All,All
Kyrgyzstan,821.6,858.1,856.4,914.1,929.2,944.5,960.9,979.6,1007.0,1041.6,1023.9,988.2,1041.4,1030.9,958.1,1016.1 ,All,All
Latvia,,671.9,690.8,706.2,711.0,755.4,766.0,805.9,877.0,892.1,888.7,871.7,887.4,901.9,917.9,889.6 ,All,All
Lithuania,676.2,663.9,694.2,695.8,711.4,737.2,749.4,806.6,858.8,849.7,838.1,795.6,796.5,809.8,813.4,785.5 ,All,All
Luxembourg,,,,,,,,,,,,,,,, ,All,All
Macau,,,,,,,,,,,,,,,, ,All,All
Malaysia,,,,,,,,,,,,,,,, ,All,All
Maldives,,,,,,,,,,,,,,,, ,All,All
Malta,,,,,,,,,,,,,,,, ,All,All
Martinique,,,,,,,,,,,,,,,, ,All,All
Mauritius,,680.2,682.6,713.8,717.1,732.0,736.7,768.7,749.3,831.8,796.4,802.2,826.9,823.0,811.6,833.9 ,All,All
Mayotte,,,,,,,,,,,,,,,, ,All,All
Mexico,,560.3,556.4,565.0,571.4,595.0,586.0,592.8,574.7,584.4,605.9,593.8,607.2,602.5,595.6,605.4 ,All,All
Monaco,,,,,,,,,,,,,,,, ,All,All
Mongolia,,,,,,,,,,,,,,,, ,All,All
Montenegro,,,,,,,652.4,659.5,711.7,730.6,733.0,733.3,748.5,731.4,728.1,725.6 ,All,All
Montserrat,,,,,,,,,,,,,,,, ,All,All
Morocco,,,,,,,,,,,,,,,, ,All,All
Netherlands,388.4,387.5,393.5,402.4,399.2,410.2,415.5,428.1,433.0,451.2,466.7,478.0,505.0,515.2,517.1,526.9 ,All,All
Netherlands Antilles,,,,,,,,,,,,,,,, ,All,All
New Zealand,,,,386.8,399.9,390.9,411.2,421.4,426.1,433.9,429.9,464.1,466.9,483.5,492.2,484.4 ,All,All
Nicaragua,,,,,,,,,,,,,,,, ,All,All
Norway,,366.9,381.2,390.7,394.8,402.2,407.6,416.8,423.9,424.9,433.4,444.4,462.9,487.8,490.2,498.7 ,All,All
Occupied Palestinian Territory,,,,,,,,,,,,,,,, ,All,All
Oman,,,,,,453.5,511.7,,,,,,,,, ,All,All
Panama,,468.6,471.5,478.6,468.6,488.3,473.4,478.4,484.1,490.0,501.0,493.2,500.3,487.5,499.9,491.1 ,All,All
Paraguay,,517.9,548.6,523.9,541.1,569.3,556.5,532.2,545.1,549.5,553.0,559.7,528.1,521.2,526.4,554.6 ,All,All
Peru,,,,,,,,,,,,,,,, ,All,All
Philippines,,,,,914.0,943.4,955.1,954.2,946.9,988.8,,,958.2,988.9,970.0,968.5 ,All,All
Poland,,536.2,565.0,574.9,576.6,594.2,623.0,631.2,644.4,648.6,663.3,670.8,687.6,686.6,707.2,730 ,All,All
Portugal,,393.7,414.4,427.0,423.7,446.5,458.6,468.4,477.9,,,,552.4,553.9,561.4,578.5 ,All,All
Puerto Rico,,482.2,477.6,495.4,508.5,502.3,510.9,510.6,521.0,514.4,542.7,536.1,530.3,532.7,565.2,561.4 ,All,All
Qatar,,385.6,342.7,330.4,375.9,411.0,450.1,492.5,476.8,536.0,577.2,545.1,,,710.1, ,All,All
Republic of Korea,,,374.9,395.6,400.4,415.5,420.7,440.1,461.0,478.2,501.2,522.7,544.1,569.4,580.6,611.8 ,All,All
Republic of Moldova,853.2,856.5,833.3,883.9,893.2,1006.1,983.2,986.8,1023.5,1064.2,1137.4,1068.3,1123.4,1111.3,1081.5,1120.6 ,All,All
Reunion,,,414.4,423.5,426.3,464.7,467.6,487.9,489.7,555.0,583.3,538.6,577.3,597.5,570.2, ,All,All
Rodrigues,,,,,,,,,,,,,,,, ,All,All
Romania,640.7,636.7,637.2,692.2,693.3,731.0,741.3,746.1,758.0,793.9,823.2,835.0,872.8,889.3,854.7,857.5 ,All,All
Russian Federation,,,,,900.7,965.4,980.0,1026.4,1045.2,1105.2,1189.3,1191.8,1233.6,1207.2,1178.9,1172.4 ,All,All
Saint Kitts and Nevis,,,,,,,,,,,,,,,, ,All,All
Saint Lucia,,,,,,,,,,,,,,,, ,All,All
Saint Pierre and Miquelon,,,,,,,,,,,,,,,, ,All,All
Saint Vincent and Grenadines,,,,,,,,,,,,,,,, ,All,All
San Marino,,,,,,,,,,,,,,,, ,All,All
Sao Tome and Principe,,,,,,,,,,,,,,,, ,All,All
Saudi Arabia,,,,,,,,,,,,,,,, ,All,All
Serbia,,677.1,682.7,708.5,725.0,728.1,746.8,751.7,768.7,781.7,829.5,832.8,852.6,859.3,844.1,901.8 ,All,All
Seychelles,,,,,,,,,,,,,,,, ,All,All
Singapore,327.3,335.6,345.5,351.6,361.3,368.0,374.9,397.8,414.4,399.6,415.0,423.3,453.7,465.3,471.3,501.7 ,All,All
Slovakia,,576.1,596.1,613.8,,650.8,659.8,678.0,701.0,709.5,728.2,721.3,744.4,742.1,756.7,762.6 ,All,All
Slovenia,417.8,,432.5,440.7,444.1,456.1,475.8,481.6,510.9,519.3,555.3,564.6,606.2,592.9,601.5,612.8 ,All,All
South Africa,,1065.5,1085.3,1175.2,1267.1,1370.3,1487.6,1603.0,1591.8,1642.2,1633.0,1602.3,1634.7,1535.5,, ,All,All
Spain,,337.7,341.6,360.0,364.4,368.8,382.1,395.1,406.6,406.0,433.5,431.9,458.0,453.3,456.6,468.5 ,All,All
Sri Lanka,,,,,,,,,,658.5,,,690.8,686.7,710.8,750.4 ,All,All
Suriname,,,,,,,,,,,,,,,, ,All,All
Sweden,369.7,363.0,373.7,381.6,379.0,387.1,392.4,402.1,408.3,413.3,422.7,430.8,440.0,451.8,453.6,458 ,All,All
Switzerland,,,340.6,344.0,343.9,350.6,360.3,361.7,371.4,377.4,390.5,395.3,418.4,416.1,427.7,444.1 ,All,All
Syrian Arab Republic,,,,,,,,,,,,,,,, ,All,All
Tajikistan,,,,,,,,,,,,,,,, ,All,All
TFYR Macedonia,,,681.0,726.8,711.9,715.3,736.5,747.6,792.1,770.6,787.6,791.5,814.9,825.9,775.8,813.9 ,All,All
Thailand,,567.9,580.5,593.6,612.8,630.5,620.6,641.6,644.4,601.3,630.4,643.4,644.1,662.9,,670.2 ,All,All
Trinidad and Tobago,,,,,,749.0,721.5,795.5,750.9,773.1,813.0,829.4,877.6,846.6,878.9,877 ,All,All
Tunisia,,,,,,,,,,,,,,,, ,All,All
Turkey,,,490.0,457.1,463.5,456.7,457.8,,,,,,,,, ,All,All
Turkmenistan,,848.8,838.4,824.8,835.3,838.2,840.6,899.4,910.7,912.8,953.7,924.5,941.5,956.5,910.1,939.7 ,All,All
Turks and Caicos Islands,,,,,,,,,,,,,,,, ,All,All
Ukraine,,844.9,,853.4,864.6,918.1,947.1,1035.2,1057.8,1053.4,1099.2,1073.5,1077.7,1068.3,1040.5,1059 ,All,All
United Arab Emirates,,,,,,486.3,485.5,497.5,547.2,512.5,535.6,,,,, ,All,All
United Kingdom,,,407.4,408.9,407.0,422.1,430.3,451.6,456.3,464.2,479.6,490.5,516.4,518.4,523.1,528.2 ,All,All
United States of America,,468.8,471.2,471.1,476.0,478.4,484.2,499.3,497.2,505.7,518.2,519.2,538.5,545.7,551.5,560.4 ,All,All
Uruguay,,537.3,556.1,571.4,,574.8,559.7,570.8,620.9,582.7,615.9,630.2,648.0,628.9,638.2,637.9 ,All,All
Uzbekistan,,708.2,705.2,721.8,726.9,722.0,711.9,,,,899.4,854.5,905.1,923.6,901.6,935.5 ,All,All
Venezuela (Bolivarian Republic of),,,593.3,603.5,605.5,605.7,601.1,616.0,607.8,602.4,606.2,621.0,661.9,621.1,649.5,643.6 ,All,All
Virgin Islands (USA),,,,,,,,,,,,,,,, ,All,All
Zimbabwe,,,,,,,,,,,,,,,, ,All,All
Albania,,,,,,285.4,378.9,388.9,362.9,444.5,468.0,496.4,518.5,468.8,422.7,540.3 ,Female,All
Anguilla,,,,,,,,,,,,,,,, ,Female,All
Antigua and Barbuda,,,,,,,,,,,,,,,, ,Female,All
Argentina,,431.7,440.3,438.8,451.5,460.0,448.3,449.9,480.6,459.6,469.5,482.7,501.2,491.7,497.0,495.8 ,Female,All
Armenia,533.4,539.4,540.7,553.4,574.4,592.4,633.8,635.1,,600.3,,,674.0,674.2,517.4,521.4 ,Female,All
Aruba,,,,,,,,,,,,,,,, ,Female,All
Australia,,281.2,276.4,283.3,289.5,288.8,292.7,306.2,304.2,311.6,,319.1,324.0,336.2,333.9,346.2 ,Female,All
Austria,,306.8,313.4,320.7,313.5,322.9,333.1,331.0,336.7,345.5,363.5,369.8,392.0,383.1,381.7,398.9 ,Female,All
Azerbaijan,,,,,,,,,614.7,,,666.5,682.3,654.3,646.0,681.2 ,Female,All
Bahamas,,,,,,,,,,,,,,,, ,Female,All
Bahrain,,384.4,460.1,494.9,483.5,461.4,461.4,462.2,438.9,508.7,537.6,608.4,615.1,587.9,636.2,731.1 ,Female,All
Barbados,,,,,,,,,,,,,,,, ,Female,All
Belarus,,511.1,536.2,,583.7,605.3,605.2,606.6,622.3,,,,708.3,738.2,711.3,694.2 ,Female,All
Belgium,,,333.7,337.9,336.0,344.5,346.1,351.4,355.9,357.4,376.3,376.7,402.9,399.0,395.3,406.1 ,Female,All
Belize,,,,,,,,,,,,,,,, ,Female,All
Bermuda,,,,,,,,,,,,,,,, ,Female,All
Bolivia,,,,,,,,,,,,,,,, ,Female,All
Bosnia and Herzegovina,,472.0,,,512.6,,,,,,,,,,, ,Female,All
Brazil,,469.4,479.8,487.1,502.7,508.0,509.8,512.6,518.7,531.3,537.5,564.6,570.6,582.1,589.8,605 ,Female,All
British Virgin Islands,,,,,,,,,,,,,,,, ,Female,All
Brunei Darussalam,,,,,,,,,,,,,,,, ,Female,All
Bulgaria,,,509.5,545.0,549.2,570.2,566.5,586.3,607.3,620.0,629.5,628.2,652.2,667.4,669.7,705.2 ,Female,All
Canada,,,,303.9,307.0,311.7,318.6,327.6,332.1,332.8,346.5,349.3,356.6,363.5,363.8,368.3 ,Female,All
Cabo Verde,,,,,,,,,,,,,,,, ,Female,All
Cayman Islands,,,,,,,,,,,,,,,, ,Female,All
Chile,,329.0,333.8,346.9,344.1,364.5,353.0,347.7,372.5,370.1,383.1,395.9,397.4,397.3,416.9,415.2 ,Female,All
Colombia,,,385.4,391.9,396.6,419.4,418.8,438.8,441.1,454.6,459.0,463.3,479.5,476.4,488.7,491.1 ,Female,All
Costa Rica,,313.4,314.1,319.8,322.1,340.2,312.8,320.3,321.6,345.0,345.5,378.9,378.4,364.0,403.2,394.8 ,Female,All
Croatia,426.6,413.0,414.8,430.6,442.2,461.1,471.8,474.8,492.1,488.4,513.7,498.5,551.6,535.0,539.6,627.8 ,Female,All
Cuba,,414.1,408.9,404.8,409.3,435.1,430.7,442.1,431.9,433.0,469.0,457.0,456.7,434.3,481.6,466.9 ,Female,All
Cyprus,,,275.4,315.2,322.2,295.9,308.8,328.9,352.0,358.5,396.0,364.2,,,,402.2 ,Female,All
Czech Republic,390.0,377.8,401.4,407.2,410.4,418.9,434.1,434.3,447.8,460.9,493.8,497.5,527.8,516.6,518.7,521.7 ,Female,All
Denmark,,346.5,360.0,369.4,376.7,396.1,407.0,409.8,425.4,426.3,429.6,442.1,459.0,476.5,474.7,474 ,Female,All
Dominica,,,,,,,,,,,,,,,, ,Female,All
Dominican Republic,,,,,,,,,,,,,,,, ,Female,All
Ecuador,,366.4,378.6,391.0,386.0,395.7,393.5,401.0,404.9,419.1,417.0,416.0,423.2,452.3,466.4,489.5 ,Female,All
Egypt,,936.5,665.6,713.4,687.2,720.4,708.5,1606.0,1905.9,1900.5,1513.0,1534.1,734.4,715.5,705.1,678 ,Female,All
El Salvador,,,456.3,443.1,455.4,472.8,471.6,470.8,474.4,490.0,502.2,496.6,507.7,483.9,541.3,516 ,Female,All
Estonia,,376.9,386.5,390.3,397.4,419.5,437.3,464.6,490.3,505.3,518.6,531.7,563.3,568.6,587.3,595.9 ,Female,All
Falkland Islands (Malvinas),,,,,,,,,,,,,,,, ,Female,All
Fiji,,,,946.7,1003.0,,1025.1,1066.1,1005.3,1008.0,1010.3,1003.4,1106.0,1029.8,1085.0, ,Female,All
Finland,,304.4,305.2,317.0,312.3,322.4,325.6,330.5,334.8,336.3,350.2,360.2,375.5,386.5,385.1,403.3 ,Female,All
France,,,267.1,272.8,269.5,278.5,283.7,288.5,287.2,295.8,313.0,311.9,343.4,335.7,335.4,336.9 ,Female,All
French Guiana,,,,,,,,,,,,,,,, ,Female,All
Georgia,,569.0,471.2,485.0,503.3,492.2,526.4,,463.4,496.8,523.0,656.5,,,539.4,573.7 ,Female,All
Germany,,321.6,338.9,329.7,332.1,340.3,346.5,350.6,350.0,357.8,371.9,376.4,397.3,395.0,391.0,400.8 ,Female,All
Greece,,,306.5,324.8,333.5,344.2,350.9,366.0,387.8,380.5,395.0,409.5,416.4,415.2,414.7,428.7 ,Female,All
Grenada,,,,,,,,,,,,,,,, ,Female,All
Guadeloupe,,,,,,,,,,,,,,,, ,Female,All
Guatemala,,547.7,548.7,553.8,562.8,577.7,583.2,567.8,597.9,616.5,645.1,630.0,642.3,650.0,679.0,703.8 ,Female,All
Guyana,,,,892.1,895.4,968.7,781.5,866.7,847.0,820.3,890.8,871.6,821.3,848.7,876.1, ,Female,All
Haiti,,,,,,,,,,,,,,,, ,Female,All
Honduras,,,,,,,,,,,,,,,, ,Female,All
Hong Kong SAR,,,222.4,230.2,231.1,246.3,249.6,260.9,255.5,256.4,279.3,278.5,285.9,279.6,282.7,307.1 ,Female,All
Hungary,,477.0,487.7,503.9,502.0,511.1,516.1,522.9,543.8,545.1,575.2,574.1,598.0,589.4,592.4,641.2 ,Female,All
Iceland,,,,,,,,,,,,,,,, ,Female,All
Iraq,,,,,,,,,,,,,,,, ,Female,All
Ireland,,,337.0,339.4,342.3,337.2,360.9,366.5,374.8,384.9,394.3,405.2,424.2,435.9,455.6,485.3 ,Female,All
Israel,,293.8,301.0,310.3,310.2,310.7,317.8,339.9,358.5,359.6,372.8,369.0,385.7,395.2,391.1,409.7 ,Female,All
Italy,,,,287.4,285.3,282.1,293.2,295.8,300.7,301.5,,,343.7,332.3,340.7,352.8 ,Female,All
Jamaica,,,,,465.1,450.2,471.1,,,438.6,508.4,481.4,485.7,502.6,551.6,549.2 ,Female,All
Japan,,221.9,226.6,231.2,245.1,234.6,232.4,241.2,242.4,246.8,254.1,252.6,257.3,258.9,266.2,274.5 ,Female,All
Jordan,,,,,,,,,,,,,,,, ,Female,All
Kazakhstan,605.7,624.9,650.8,697.8,720.3,740.6,723.8,782.6,806.0,821.0,841.9,827.0,864.3,846.1,847.3,818.2 ,Female,All
Kiribati,,,,,,,,,,,,,,,, ,Female,All
Kuwait,,347.6,346.5,402.6,362.2,400.8,461.8,433.0,427.2,621.9,649.0,710.4,705.9,486.1,528.8,574 ,Female,All
Kyrgyzstan,641.5,659.7,659.1,706.7,720.1,728.6,744.7,762.0,771.2,808.2,799.9,778.2,821.0,810.5,738.2,794.2 ,Female,All
Latvia,,461.0,488.9,492.5,495.6,529.0,537.9,552.8,609.5,615.6,608.8,617.1,636.2,625.6,643.0,621.8 ,Female,All
Lithuania,455.8,441.4,463.3,461.0,472.9,489.9,496.8,538.3,554.1,563.7,553.0,537.1,538.9,552.3,552.6,548.5 ,Female,All
Luxembourg,,,,,,,,,,,,,,,, ,Female,All
Macau,,,,,,,,,,,,,,,, ,Female,All
Malaysia,,,,,,,,,,,,,,,, ,Female,All
Maldives,,,,,,,,,,,,,,,, ,Female,All
Malta,,,,,,,,,,,,,,,, ,Female,All
Martinique,,,,,,,,,,,,,,,, ,Female,All
Mauritius,,533.2,527.6,560.3,538.9,569.2,568.2,583.3,584.3,652.6,613.1,628.7,645.9,638.8,637.3,649.2 ,Female,All
Mayotte,,,,,,,,,,,,,,,, ,Female,All
Mexico,,462.8,456.2,461.8,465.8,486.7,481.8,487.8,477.0,483.8,504.3,493.2,503.4,498.2,493.8,499 ,Female,All
Monaco,,,,,,,,,,,,,,,, ,Female,All
Mongolia,,,,,,,,,,,,,,,, ,Female,All
Montenegro,,,,,,,547.2,540.4,597.4,608.5,597.9,602.7,639.1,606.9,621.5,605.2 ,Female,All
Montserrat,,,,,,,,,,,,,,,, ,Female,All
Morocco,,,,,,,,,,,,,,,, ,Female,All
Netherlands,331.1,328.8,331.9,339.2,337.1,341.0,343.0,356.9,355.4,371.7,382.0,389.6,409.8,418.4,416.5,421.4 ,Female,All
Netherlands Antilles,,,,,,,,,,,,,,,, ,Female,All
New Zealand,,,,327.6,342.7,329.5,345.3,353.3,354.3,364.3,357.4,388.2,385.2,398.2,401.5,387.6 ,Female,All
Nicaragua,,,,,,,,,,,,,,,, ,Female,All
Norway,,301.4,314.8,323.6,319.6,329.0,331.0,334.9,344.1,345.0,347.0,356.2,370.1,387.4,385.7,391.7 ,Female,All
Occupied Palestinian Territory,,,,,,,,,,,,,,,, ,Female,All
Oman,,,,,,365.0,368.6,,,,,,,,, ,Female,All
Panama,,372.6,375.4,373.0,369.1,379.4,367.3,377.0,383.4,393.4,412.6,399.6,399.2,393.2,400.4,393.4 ,Female,All
Paraguay,,432.5,464.6,439.6,455.7,474.5,462.3,450.6,460.2,470.9,470.0,475.2,446.8,444.4,449.2,471.6 ,Female,All
Peru,,,,,,,,,,,,,,,, ,Female,All
Philippines,,,,,730.1,759.0,759.8,756.5,747.5,777.4,,,744.2,774.3,751.6,752 ,Female,All
Poland,,384.0,403.7,407.9,407.9,421.0,443.0,447.1,456.1,461.4,475.6,481.6,499.5,497.3,515.1,532.6 ,Female,All
Portugal,,291.3,306.1,318.7,314.1,332.9,344.7,350.4,356.5,,,,418.5,413.8,418.8,432.8 ,Female,All
Puerto Rico,,353.8,349.4,365.2,372.0,370.7,369.1,378.7,383.5,377.0,400.3,398.6,395.5,391.5,413.9,418.2 ,Female,All
Qatar,,391.4,348.7,368.3,402.4,413.3,441.8,492.1,481.3,551.6,556.8,548.6,,,710.4, ,Female,All
Republic of Korea,,,270.7,285.3,287.9,299.6,305.6,320.5,340.5,353.0,372.5,386.7,405.0,426.1,430.9,455.1 ,Female,All
Republic of Moldova,652.3,659.4,643.5,677.4,682.3,766.6,756.8,772.8,808.2,832.0,891.3,837.4,902.3,887.5,864.4,898.1 ,Female,All
Reunion,,,308.2,316.3,316.0,340.4,329.0,350.2,361.2,401.0,418.7,395.1,408.4,415.3,404.4, ,Female,All
Rodrigues,,,,,,,,,,,,,,,, ,Female,All
Romania,485.2,481.4,485.0,528.8,527.9,553.4,560.3,567.1,585.7,620.0,645.4,649.8,679.5,693.2,668.7,680 ,Female,All
Russian Federation,,,,,621.6,666.9,676.1,704.2,717.7,757.3,802.3,805.8,838.7,821.3,802.2,799.5 ,Female,All
Saint Kitts and Nevis,,,,,,,,,,,,,,,, ,Female,All
Saint Lucia,,,,,,,,,,,,,,,, ,Female,All
Saint Pierre and Miquelon,,,,,,,,,,,,,,,, ,Female,All
Saint Vincent and Grenadines,,,,,,,,,,,,,,,, ,Female,All
San Marino,,,,,,,,,,,,,,,, ,Female,All
Sao Tome and Principe,,,,,,,,,,,,,,,, ,Female,All
Saudi Arabia,,,,,,,,,,,,,,,, ,Female,All
Serbia,,554.3,555.7,581.9,594.6,600.7,615.6,621.6,631.2,646.1,687.8,690.9,714.5,718.2,701.6,750.3 ,Female,All
Seychelles,,,,,,,,,,,,,,,, ,Female,All
Singapore,259.9,267.8,275.7,281.4,288.8,290.7,297.1,317.4,325.5,323.2,333.0,339.1,361.9,379.2,381.5,408.4 ,Female,All
Slovakia,,428.1,444.0,457.3,,482.4,489.2,495.0,518.8,522.5,540.5,538.9,552.6,550.6,557.4,560.8 ,Female,All
Slovenia,313.5,,321.6,332.3,331.2,337.7,352.7,354.9,372.3,377.4,417.0,418.6,441.2,429.0,434.1,451.2 ,Female,All
South Africa,,883.2,906.5,988.9,1082.2,1186.2,1295.0,1417.7,1416.9,1476.0,1474.6,1447.6,1470.6,1379.2,, ,Female,All
Spain,,251.5,253.5,266.4,269.1,270.3,281.0,290.5,295.9,294.6,315.3,313.2,335.1,328.7,330.5,339.9 ,Female,All
Sri Lanka,,,,,,,,,,507.6,,,525.8,519.8,534.3,566.3 ,Female,All
Suriname,,,,,,,,,,,,,,,, ,Female,All
Sweden,307.4,303.0,313.7,319.6,313.6,319.3,323.9,331.3,337.1,338.5,344.1,353.0,356.2,368.5,367.6,369.2 ,Female,All
Switzerland,,,275.8,279.9,276.6,282.3,288.4,289.4,296.0,300.3,306.7,312.3,330.8,327.8,330.9,344.5 ,Female,All
Syrian Arab Republic,,,,,,,,,,,,,,,, ,Female,All
Tajikistan,,,,,,,,,,,,,,,, ,Female,All
TFYR Macedonia,,,573.5,619.0,604.8,600.0,625.3,639.0,676.3,649.5,672.5,672.3,678.7,690.3,638.2,690.1 ,Female,All
Thailand,,438.4,448.0,461.7,478.6,495.8,490.1,510.6,513.9,484.3,508.3,520.6,515.8,526.9,,535 ,Female,All
Trinidad and Tobago,,,,,,569.9,549.0,602.1,578.1,595.5,611.1,635.5,674.5,658.8,690.6,698.7 ,Female,All
Tunisia,,,,,,,,,,,,,,,, ,Female,All
Turkey,,,384.9,361.8,367.5,365.4,365.6,,,,,,,,, ,Female,All
Turkmenistan,,668.7,665.5,669.9,671.9,661.4,665.1,713.7,713.6,713.9,748.9,737.4,745.7,763.7,729.8,750.9 ,Female,All
Turks and Caicos Islands,,,,,,,,,,,,,,,, ,Female,All
Ukraine,,604.4,,615.3,625.8,667.3,679.9,722.6,735.2,741.8,768.0,754.4,768.4,754.2,743.1,756.3 ,Female,All
United Arab Emirates,,,,,,556.9,505.7,531.5,552.2,547.8,560.0,,,,, ,Female,All
United Kingdom,,,343.8,346.5,341.3,353.7,358.1,378.0,380.0,385.5,399.1,406.4,428.6,425.6,428.8,432 ,Female,All
United States of America,,388.3,390.5,390.6,394.9,395.3,400.0,412.7,405.5,413.3,423.9,425.3,440.8,445.9,450.3,456.3 ,Female,All
Uruguay,,395.1,411.9,417.7,,422.3,409.8,427.5,458.1,426.9,461.3,469.3,479.2,463.8,473.4,465.6 ,Female,All
Uzbekistan,,570.9,571.2,580.6,590.8,589.6,581.6,,,,766.2,729.1,776.5,792.4,770.8,799.3 ,Female,All
Venezuela (Bolivarian Republic of),,,430.1,433.4,445.5,444.3,434.0,442.8,439.6,445.4,457.2,470.3,502.7,485.6,499.8,493.8 ,Female,All
Virgin Islands (USA),,,,,,,,,,,,,,,, ,Female,All
Zimbabwe,,,,,,,,,,,,,,,, ,Female,All
Albania,,,,,,413.1,556.7,608.6,563.9,661.2,719.5,763.8,804.0,740.9,700.6,888 ,Male,All
Anguilla,,,,,,,,,,,,,,,, ,Male,All
Antigua and Barbuda,,,,,,,,,,,,,,,, ,Male,All
Argentina,,743.9,761.9,766.4,775.0,793.6,777.3,788.6,835.7,800.1,823.9,834.5,880.6,874.9,876.7,880.6 ,Male,All
Armenia,859.1,864.4,844.3,882.4,892.8,912.8,1005.1,1011.2,,922.8,,,1034.2,1016.3,739.4,736.9 ,Male,All
Aruba,,,,,,,,,,,,,,,, ,Male,All
Australia,,410.7,410.2,417.5,435.8,435.8,444.2,465.2,462.5,482.4,,497.8,506.0,526.6,532.1,554 ,Male,All
Austria,,483.1,505.1,512.7,517.7,536.1,550.4,542.8,556.6,571.2,594.5,608.8,636.2,639.4,640.3,666.5 ,Male,All
Azerbaijan,,,,,,,,,860.9,,,936.7,959.5,936.1,926.6,997.4 ,Male,All
Bahamas,,,,,,,,,,,,,,,, ,Male,All
Bahrain,,394.0,500.9,543.7,558.7,532.8,543.5,559.7,564.2,591.0,623.0,688.6,736.8,790.2,795.1,742.8 ,Male,All
Barbados,,,,,,,,,,,,,,,, ,Male,All
Belarus,,1121.9,1164.7,,1339.7,1360.1,1349.5,1357.9,1359.8,,,,1523.9,1557.4,1489.2,1431.8 ,Male,All
Belgium,,,529.2,545.9,537.5,557.8,557.9,574.9,576.9,586.2,620.5,630.2,665.3,677.0,676.5,701.6 ,Male,All
Belize,,,,,,,,,,,,,,,, ,Male,All
Bermuda,,,,,,,,,,,,,,,, ,Male,All
Bolivia,,,,,,,,,,,,,,,, ,Male,All
Bosnia and Herzegovina,,692.5,,,741.3,,,,,,,,,,, ,Male,All
Brazil,,787.6,804.9,812.6,840.7,855.9,854.4,863.1,871.7,892.4,913.4,962.0,973.7,987.0,1011.5,1037.8 ,Male,All
British Virgin Islands,,,,,,,,,,,,,,,, ,Male,All
Brunei Darussalam,,,,,,,,,,,,,,,, ,Male,All
Bulgaria,,,886.3,920.2,933.1,965.0,960.9,990.7,1019.8,1037.0,1053.6,1042.1,1062.2,1066.4,1073.2,1093.8 ,Male,All
Canada,,,,441.0,444.6,459.7,472.4,488.3,498.5,500.9,524.1,532.6,550.5,559.3,570.5,582.8 ,Male,All
Cabo Verde,,,,,,,,,,,,,,,, ,Male,All
Cayman Islands,,,,,,,,,,,,,,,, ,Male,All
Chile,,542.8,549.6,556.3,561.3,600.3,588.2,571.2,603.9,600.5,627.0,647.7,652.1,655.4,680.6,679 ,Male,All
Colombia,,,612.0,620.1,627.8,663.6,670.5,689.9,695.3,723.2,734.2,745.7,768.3,793.9,815.5,824.1 ,Male,All
Costa Rica,,483.5,475.0,480.7,490.6,529.9,478.4,491.8,497.1,543.7,519.3,572.9,565.7,563.1,600.8,608.9 ,Male,All
Croatia,734.2,706.0,722.3,759.1,756.4,781.9,813.7,840.5,857.6,847.4,892.1,862.8,950.3,931.3,929.0,1085.1 ,Male,All
Cuba,,593.6,585.3,584.2,576.3,622.4,607.1,615.6,603.2,617.0,663.0,645.8,635.2,622.0,671.7,671.8 ,Male,All
Cyprus,,,454.9,467.0,450.3,458.4,485.0,496.9,524.8,507.2,573.0,570.3,,,,554.9 ,Male,All
Czech Republic,650.7,646.6,679.3,688.1,700.4,718.0,733.9,739.1,758.6,782.1,822.7,845.7,888.7,876.0,868.9,892.2 ,Male,All
Denmark,,498.8,519.8,526.7,542.2,571.4,587.5,600.2,616.6,630.7,633.8,662.9,686.3,696.2,695.7,703.6 ,Male,All
Dominica,,,,,,,,,,,,,,,, ,Male,All
Dominican Republic,,,,,,,,,,,,,,,, ,Male,All
Ecuador,,520.0,536.0,556.4,570.5,578.3,574.8,601.4,593.4,605.3,618.2,610.2,609.1,648.5,662.2,697 ,Male,All
Egypt,,1065.7,926.9,975.9,1013.4,1039.1,1028.8,1600.9,1897.2,1883.2,1585.8,1629.7,1067.8,1041.2,1032.7,998.9 ,Male,All
El Salvador,,,740.4,716.6,771.1,771.3,814.5,802.1,817.1,843.0,857.0,839.2,838.9,795.9,866.7,882.2 ,Male,All
Estonia,,809.0,803.4,858.4,859.9,906.5,953.8,1017.0,1104.8,1108.7,1114.7,1155.4,1183.1,1209.8,1237.2,1203.4 ,Male,All
Falkland Islands (Malvinas),,,,,,,,,,,,,,,, ,Male,All
Fiji,,,,1247.5,1273.2,,1277.9,1305.9,1376.2,1392.4,1385.1,1351.5,1505.2,1497.8,1621.7, ,Male,All
Finland,,517.6,528.6,545.3,557.3,580.3,590.7,593.8,620.0,625.7,635.6,655.0,671.3,688.0,700.3,725.3 ,Male,All
France,,,479.8,492.3,495.9,513.2,521.5,530.5,538.9,550.9,577.6,578.3,626.3,625.4,634.4,642.8 ,Male,All
French Guiana,,,,,,,,,,,,,,,, ,Male,All
Georgia,,1029.5,864.5,898.4,917.5,904.2,950.6,,900.6,939.4,939.9,1147.8,,,902.1,950.5 ,Male,All
Germany,,506.1,530.2,508.6,515.2,532.7,544.1,550.6,558.9,569.2,593.5,605.3,642.9,643.3,648.2,672.9 ,Male,All
Greece,,,500.6,528.3,507.0,510.8,534.4,542.1,568.3,558.1,584.5,599.9,607.7,615.8,627.9,654.7 ,Male,All
Grenada,,,,,,,,,,,,,,,, ,Male,All
Guadeloupe,,,,,,,,,,,,,,,, ,Male,All
Guatemala,,804.0,801.8,812.0,833.6,865.2,881.6,875.3,884.0,939.9,977.3,945.4,951.9,957.0,1021.9,1023.6 ,Male,All
Guyana,,,,1231.9,1219.5,1260.7,1095.3,1188.3,1181.4,1233.5,1271.6,1261.7,1214.4,1214.9,1184.3, ,Male,All
Haiti,,,,,,,,,,,,,,,, ,Male,All
Honduras,,,,,,,,,,,,,,,, ,Male,All
Hong Kong SAR,,,398.9,415.9,420.2,443.3,441.9,460.9,470.0,456.8,489.2,494.1,497.9,489.5,494.2,527.6 ,Male,All
Hungary,,839.9,851.7,885.9,898.8,929.1,958.4,971.3,1012.3,1019.1,1062.1,1054.1,1090.4,1080.8,1079.4,1175.7 ,Male,All
Iceland,,,,,,,,,,,,,,,, ,Male,All
Iraq,,,,,,,,,,,,,,,, ,Male,All
Ireland,,,493.8,507.9,509.4,501.8,563.0,557.4,570.7,591.6,596.9,634.0,655.5,696.5,725.5,763.3 ,Male,All
Israel,,423.2,425.2,441.7,438.8,446.7,449.2,482.1,504.7,501.7,525.5,531.9,553.9,566.8,570.5,591.2 ,Male,All
Italy,,,,463.5,465.9,464.7,481.7,491.6,502.0,510.8,,,578.1,570.8,585.7,603.3 ,Male,All
Jamaica,,,,,660.7,593.7,707.7,,,555.0,753.9,588.1,616.8,646.5,701.3,704.4 ,Male,All
Japan,,415.5,426.8,438.5,458.4,455.4,452.0,465.6,469.4,477.4,495.9,491.1,502.3,502.8,513.9,529.1 ,Male,All
Jordan,,,,,,,,,,,,,,,, ,Male,All
Kazakhstan,1103.3,1135.9,1198.1,1280.1,1311.9,1350.1,1325.1,1458.9,1564.2,1569.2,1602.2,1580.6,1642.5,1584.6,1594.8,1653.9 ,Male,All
Kiribati,,,,,,,,,,,,,,,, ,Male,All
Kuwait,,396.7,409.0,433.1,414.3,454.1,502.1,492.0,494.9,604.5,569.1,582.3,577.3,599.4,599.9,629.9 ,Male,All
Kyrgyzstan,1050.0,1110.0,1103.5,1172.0,1185.9,1206.7,1224.0,1238.8,1287.9,1320.9,1290.6,1229.0,1307.0,1290.7,1229.7,1289 ,Male,All
Latvia,,985.5,991.4,1028.2,1040.8,1102.0,1111.1,1189.9,1269.6,1301.0,1308.1,1259.3,1265.3,1310.1,1324.8,1289.1 ,Male,All
Lithuania,990.1,981.6,1023.5,1029.0,1051.3,1089.0,1109.8,1182.1,1281.3,1243.2,1231.6,1155.8,1165.1,1173.0,1177.9,1119.6 ,Male,All
Luxembourg,,,,,,,,,,,,,,,, ,Male,All
Macau,,,,,,,,,,,,,,,, ,Male,All
Malaysia,,,,,,,,,,,,,,,, ,Male,All
Maldives,,,,,,,,,,,,,,,, ,Male,All
Malta,,,,,,,,,,,,,,,, ,Male,All
Martinique,,,,,,,,,,,,,,,, ,Male,All
Mauritius,,856.9,870.4,905.3,943.0,933.3,937.3,997.1,956.8,1063.6,1033.7,1021.0,1063.2,1052.3,1022.0,1063.3 ,Male,All
Mayotte,,,,,,,,,,,,,,,, ,Male,All
Mexico,,669.5,668.7,680.8,690.2,717.7,704.3,712.9,686.7,700.9,724.6,710.5,726.8,722.3,712.4,728.2 ,Male,All
Monaco,,,,,,,,,,,,,,,, ,Male,All
Mongolia,,,,,,,,,,,,,,,, ,Male,All
Montenegro,,,,,,,771.8,799.0,843.4,873.2,895.1,890.3,875.4,879.5,845.2,866.2 ,Male,All
Montserrat,,,,,,,,,,,,,,,, ,Male,All
Morocco,,,,,,,,,,,,,,,, ,Male,All
Netherlands,457.9,461.5,470.2,482.1,478.4,498.8,509.4,521.8,537.1,557.6,582.7,597.9,636.3,648.4,655.7,673.6 ,Male,All
Netherlands Antilles,,,,,,,,,,,,,,,, ,Male,All
New Zealand,,,,453.2,464.2,461.3,487.5,500.9,510.5,516.6,516.0,557.8,567.3,589.9,606.0,607 ,Male,All
Nicaragua,,,,,,,,,,,,,,,, ,Male,All
Norway,,444.4,459.9,470.8,484.9,491.9,501.2,520.3,525.3,524.2,545.0,557.1,582.2,617.8,625.5,636.4 ,Male,All
Occupied Palestinian Territory,,,,,,,,,,,,,,,, ,Male,All
Oman,,,,,,550.0,694.6,,,,,,,,, ,Male,All
Panama,,570.5,573.5,590.0,573.9,603.4,584.6,584.4,590.2,591.1,593.3,591.5,606.9,585.4,604.4,594 ,Male,All
Paraguay,,603.7,634.9,609.9,628.9,666.8,654.2,616.1,634.6,631.8,641.7,645.9,614.8,602.7,609.1,644 ,Male,All
Peru,,,,,,,,,,,,,,,, ,Male,All
Philippines,,,,,1136.1,1167.2,1194.6,1196.5,1191.3,1250.5,,,1223.1,1253.4,1241.1,1237.7 ,Male,All
Poland,,733.1,773.9,791.8,795.8,819.8,860.4,872.8,891.4,894.8,911.5,922.7,940.5,939.7,965.2,995 ,Male,All
Portugal,,522.9,553.1,565.6,562.5,591.4,602.9,618.1,630.8,,,,721.1,730.0,739.9,761.9 ,Male,All
Puerto Rico,,643.1,636.2,654.6,674.6,662.4,683.2,669.7,686.4,679.4,714.6,701.3,690.5,699.6,743.2,730.4 ,Male,All
Qatar,,403.7,369.3,322.4,374.9,413.3,471.6,497.2,473.5,533.3,605.4,541.7,,,716.2, ,Male,All
Republic of Korea,,,516.0,546.5,554.8,575.2,580.2,608.0,629.6,651.5,680.6,709.8,736.4,769.6,789.0,831.3 ,Male,All
Republic of Moldova,1111.3,1109.3,1083.2,1155.6,1167.3,1314.8,1276.9,1263.0,1301.8,1377.7,1472.8,1384.0,1430.3,1425.5,1384.4,1427.8 ,Male,All
Reunion,,,546.1,558.1,566.7,621.1,642.1,657.9,643.4,746.8,790.9,712.8,790.8,827.4,782.8, ,Male,All
Rodrigues,,,,,,,,,,,,,,,, ,Male,All
Romania,832.6,827.1,824.3,892.8,896.0,947.3,960.3,962.3,965.8,1004.2,1037.2,1057.8,1104.7,1124.8,1074.7,1066.7 ,Male,All
Russian Federation,,,,,1299.8,1393.5,1412.9,1478.9,1502.5,1586.6,1724.8,1728.4,1783.3,1726.7,1686.9,1679.2 ,Male,All
Saint Kitts and Nevis,,,,,,,,,,,,,,,, ,Male,All
Saint Lucia,,,,,,,,,,,,,,,, ,Male,All
Saint Pierre and Miquelon,,,,,,,,,,,,,,,, ,Male,All
Saint Vincent and Grenadines,,,,,,,,,,,,,,,, ,Male,All
San Marino,,,,,,,,,,,,,,,, ,Male,All
Sao Tome and Principe,,,,,,,,,,,,,,,, ,Male,All
Saudi Arabia,,,,,,,,,,,,,,,, ,Male,All
Serbia,,821.8,833.5,858.6,880.5,875.6,898.6,902.3,929.0,939.2,995.7,997.7,1014.3,1025.6,1013.2,1081.2 ,Male,All
Seychelles,,,,,,,,,,,,,,,, ,Male,All
Singapore,406.9,416.9,429.8,437.2,449.4,463.3,469.4,495.6,523.7,490.6,511.4,524.2,561.2,566.9,576.8,612.4 ,Male,All
Slovakia,,773.8,801.1,821.8,,878.6,888.2,923.1,946.6,962.5,981.0,968.8,1001.8,998.8,1023.6,1028.1 ,Male,All
Slovenia,546.6,,571.8,580.4,591.3,610.9,635.1,647.4,695.6,707.2,747.4,769.2,838.7,824.3,837.0,842.2 ,Male,All
South Africa,,1333.5,1345.6,1446.5,1536.3,1644.6,1772.3,1834.7,1839.7,1874.0,1856.5,1820.2,1856.6,1746.6,, ,Male,All
Spain,,441.6,448.4,473.6,480.2,488.6,504.4,521.2,540.5,540.5,577.0,576.8,608.4,606.1,612.1,626.6 ,Male,All
Sri Lanka,,,,,,,,,,829.0,,,870.9,866.9,898.7,944.9 ,Male,All
Suriname,,,,,,,,,,,,,,,, ,Male,All
Sweden,443.1,433.0,444.4,455.6,456.8,468.6,475.8,487.6,494.8,505.8,521.3,527.8,545.3,556.6,562.0,571.7 ,Male,All
Switzerland,,,420.0,423.4,428.5,437.0,450.2,453.7,468.0,477.2,498.8,501.6,532.7,530.3,554.9,575.2 ,Male,All
Syrian Arab Republic,,,,,,,,,,,,,,,, ,Male,All
Tajikistan,,,,,,,,,,,,,,,, ,Male,All
TFYR Macedonia,,,806.2,852.9,834.0,849.3,861.6,871.5,925.1,908.2,917.3,926.6,968.4,977.1,932.5,955.7 ,Male,All
Thailand,,714.0,731.1,743.3,764.8,783.4,768.6,789.4,790.3,726.7,761.8,775.3,782.3,811.5,,816 ,Male,All
Trinidad and Tobago,,,,,,988.8,944.9,1040.8,976.4,1008.0,1084.3,1083.0,1144.5,1090.6,1127.4,1112.2 ,Male,All
Tunisia,,,,,,,,,,,,,,,, ,Male,All
Turkey,,,617.6,572.1,580.3,566.0,568.9,,,,,,,,, ,Male,All
Turkmenistan,,1077.5,1060.0,1020.9,1043.1,1071.1,1066.9,1136.8,1161.3,1159.7,1217.1,1156.2,1190.0,1205.4,1138.5,1185.4 ,Male,All
Turks and Caicos Islands,,,,,,,,,,,,,,,, ,Male,All
Ukraine,,1184.3,,1191.5,1204.4,1277.3,1326.4,1468.4,1504.4,1488.9,1560.7,1520.3,1512.3,1510.7,1447.1,1474.7 ,Male,All
United Arab Emirates,,,,,,455.0,484.7,488.4,554.7,510.9,544.2,,,,, ,Male,All
United Kingdom,,,481.4,482.0,483.6,502.4,515.8,538.6,547.5,559.6,578.0,594.6,626.4,635.4,643.7,653 ,Male,All
United States of America,,559.8,562.5,562.5,569.0,574.9,581.9,599.4,606.8,615.1,630.2,632.0,656.2,667.3,676.3,690.8 ,Male,All
Uruguay,,733.6,753.3,778.8,,788.9,765.3,766.3,842.0,794.4,827.3,847.7,877.0,847.5,856.7,865.8 ,Male,All
Uzbekistan,,884.4,875.6,903.0,900.9,891.5,877.9,,,,1048.3,995.0,1050.5,1072.1,1052.0,1096.7 ,Male,All
Venezuela (Bolivarian Republic of),,,782.4,800.9,791.4,794.3,791.4,812.9,797.9,780.9,776.8,791.4,839.5,772.1,815.8,810.7 ,Male,All
Virgin Islands (USA),,,,,,,,,,,,,,,, ,Male,All
Zimbabwe,,,,,,,,,,,,,,,, ,Male,All
Albania,,,,,,1.2,1.1,2.0,2.0,3.1,2.8,3.6,3.7,3.5,3.5,2.8 ,All,Infection
Anguilla,,,,,,,,,,,,,,,, ,All,Infection
Antigua and Barbuda,,,,,,,,,,,,,,,, ,All,Infection
Argentina,,26.0,26.3,25.6,27.0,27.6,27.2,27.5,30.0,30.8,30.3,29.5,31.1,31.3,32.6,31.7 ,All,Infection
Armenia,9.0,8.4,7.4,8.5,8.0,9.7,8.4,8.4,,8.8,,,7.8,8.4,7.5,9.1 ,All,Infection
Aruba,,,,,,,,,,,,,,,, ,All,Infection
Australia,,6.1,6.2,5.7,6.0,5.4,4.9,5.4,5.2,5.9,,5.6,5.5,5.8,5.8,5.8 ,All,Infection
Austria,,3.9,4.3,3.8,4.1,4.1,4.2,4.3,3.8,3.8,4.8,4.2,4.5,3.8,2.5,2.6 ,All,Infection
Azerbaijan,,,,,,,,,5.1,,,15.0,17.6,19.3,21.2,21.8 ,All,Infection
Bahamas,,,,,,,,,,,,,,,, ,All,Infection
Bahrain,,7.1,8.2,13.4,14.0,16.3,20.9,16.6,17.0,21.6,27.1,23.3,27.1,21.3,18.1,32.6 ,All,Infection
Barbados,,,,,,,,,,,,,,,, ,All,Infection
Belarus,,8.1,8.8,,11.1,10.9,10.5,10.1,11.4,,,,11.9,11.3,9.9,8.9 ,All,Infection
Belgium,,,10.7,9.9,9.4,9.9,10.1,9.6,9.6,10.2,11.6,12.4,12.8,11.9,11.2,10.5 ,All,Infection
Belize,,,,,,,,,,,,,,,, ,All,Infection
Bermuda,,,,,,,,,,,,,,,, ,All,Infection
Bolivia,,,,,,,,,,,,,,,, ,All,Infection
Bosnia and Herzegovina,,4.9,,,5.3,,,,,,,,,,, ,All,Infection
Brazil,,25.7,26.4,25.9,26.5,27.2,26.9,27.7,27.7,29.0,29.9,30.2,31.2,30.8,31.4,31.8 ,All,Infection
British Virgin Islands,,,,,,,,,,,,,,,, ,All,Infection
Brunei Darussalam,,,,,,,,,,,,,,,, ,All,Infection
Bulgaria,,,5.1,5.8,4.8,5.7,5.4,6.0,6.8,6.0,6.3,6.5,6.6,6.3,7.1,7.7 ,All,Infection
Canada,,,,8.4,8.3,8.3,8.2,8.0,8.2,7.8,8.0,7.7,7.3,6.9,6.7,7 ,All,Infection
Cabo Verde,,,,,,,,,,,,,,,, ,All,Infection
Cayman Islands,,,,,,,,,,,,,,,, ,All,Infection
Chile,,11.4,11.2,10.2,9.1,9.7,9.4,8.8,9.3,9.9,10.3,11.0,11.2,11.7,13.1,13.7 ,All,Infection
Colombia,,,14.4,14.1,13.7,14.9,15.4,16.8,18.4,17.9,19.3,20.4,20.3,20.8,21.4,21 ,All,Infection
Costa Rica,,7.8,7.7,7.7,8.1,8.6,7.8,7.2,8.0,9.8,10.1,10.6,11.2,11.1,12.8,12.4 ,All,Infection
Croatia,4.5,4.1,3.6,3.7,3.4,4.2,4.7,4.4,5.2,5.0,4.3,5.1,6.6,7.9,7.6,8.8 ,All,Infection
Cuba,,8.1,7.8,6.9,6.1,6.3,5.3,5.6,6.0,6.1,6.9,5.8,5.7,5.6,6.0,6.1 ,All,Infection
Cyprus,,,6.2,6.2,5.7,4.2,5.7,5.3,5.3,3.0,5.1,4.2,,,,3.5 ,All,Infection
Czech Republic,8.8,7.9,7.1,8.0,6.9,5.3,6.1,5.1,4.0,2.6,2.5,2.2,2.0,2.1,2.0,1.8 ,All,Infection
Denmark,,6.6,7.6,6.9,6.5,7.8,7.0,6.4,7.7,7.3,6.8,8.0,8.4,7.2,4.4,4.1 ,All,Infection
Dominica,,,,,,,,,,,,,,,, ,All,Infection
Dominican Republic,,,,,,,,,,,,,,,, ,All,Infection
Ecuador,,13.7,13.5,16.7,17.0,19.1,19.4,21.0,21.8,22.7,23.1,22.8,25.5,28.3,29.1,31.4 ,All,Infection
Egypt,,28.4,22.4,24.7,26.1,23.7,22.9,32.9,34.4,34.0,31.5,29.6,23.5,26.4,28.9,29.9 ,All,Infection
El Salvador,,,24.3,21.7,20.0,21.9,22.5,21.8,23.8,26.6,30.0,33.7,43.8,39.2,39.6,43 ,All,Infection
Estonia,,6.9,7.2,7.6,8.0,7.0,8.8,7.5,8.5,9.2,6.5,9.1,9.0,7.1,8.3,9 ,All,Infection
Falkland Islands (Malvinas),,,,,,,,,,,,,,,, ,All,Infection
Fiji,,,,57.9,56.8,,68.4,66.0,59.1,88.6,69.0,64.8,61.7,53.9,79.9, ,All,Infection
Finland,,2.5,2.5,2.5,3.4,3.6,3.8,4.0,4.3,3.4,3.7,3.6,4.0,4.0,4.1,4.5 ,All,Infection
France,,,6.6,7.3,7.5,7.4,7.7,7.9,7.6,7.9,8.3,8.3,9.6,9.2,9.2,9.8 ,All,Infection
French Guiana,,,,,,,,,,,,,,,, ,All,Infection
Georgia,,11.7,9.3,9.1,7.2,3.7,6.3,,5.7,4.8,6.5,9.2,,,7.9,8.3 ,All,Infection
Germany,,8.2,8.6,8.5,8.0,7.7,8.0,7.8,7.6,7.0,7.1,6.8,6.9,6.7,6.9,6.8 ,All,Infection
Greece,,,4.1,4.1,3.6,4.2,4.7,4.4,4.2,3.5,3.7,3.3,3.7,4.0,3.4,3.1 ,All,Infection
Grenada,,,,,,,,,,,,,,,, ,All,Infection
Guadeloupe,,,,,,,,,,,,,,,, ,All,Infection
Guatemala,,32.6,32.0,31.1,35.5,39.1,40.1,45.5,46.5,47.5,51.2,48.9,53.0,56.6,60.1,61.3 ,All,Infection
Guyana,,,,94.9,85.2,89.5,69.9,81.4,91.3,90.2,107.2,105.9,98.0,115.7,110.9, ,All,Infection
Haiti,,,,,,,,,,,,,,,, ,All,Infection
Honduras,,,,,,,,,,,,,,,, ,All,Infection
Hong Kong SAR,,,8.8,8.9,8.5,9.2,9.0,9.5,9.7,9.6,10.1,10.8,11.2,10.4,10.7,8.7 ,All,Infection
Hungary,,4.3,4.9,5.1,3.6,3.1,3.0,2.7,3.2,2.9,3.3,3.4,3.2,4.0,4.3,4.8 ,All,Infection
Iceland,,,,,,,,,,,,,,,, ,All,Infection
Iraq,,,,,,,,,,,,,,,, ,All,Infection
Ireland,,,3.5,3.4,3.6,4.1,4.2,3.7,4.1,2.8,3.1,3.0,2.8,3.6,3.8,4.7 ,All,Infection
Israel,,18.5,17.3,18.5,17.2,14.4,13.6,15.2,14.2,14.0,13.8,12.2,12.5,12.4,12.5,15 ,All,Infection
Italy,,,,8.2,7.5,6.7,6.6,6.5,6.5,6.2,,,6.9,5.2,4.8,4.9 ,All,Infection
Jamaica,,,,,27.2,29.2,28.5,,,23.6,29.7,30.6,28.6,31.0,31.5,31.4 ,All,Infection
Japan,,6.1,6.3,6.8,7.0,7.1,7.2,7.4,7.5,7.7,7.9,7.6,7.7,7.5,7.9,8.1 ,All,Infection
Jordan,,,,,,,,,,,,,,,, ,All,Infection
Kazakhstan,8.4,9.1,10.3,11.8,12.9,15.3,17.8,21.7,23.0,25.2,28.2,26.7,29.2,31.8,32.1,36.3 ,All,Infection
Kiribati,,,,,,,,,,,,,,,, ,All,Infection
Kuwait,,34.7,23.1,23.5,19.9,15.2,17.0,14.7,12.7,17.8,14.4,20.0,21.7,18.3,15.7,14.7 ,All,Infection
Kyrgyzstan,16.4,17.3,19.1,18.9,20.4,18.5,19.3,21.3,24.5,26.9,25.8,26.6,29.4,33.1,39.3,38.4 ,All,Infection
Latvia,,11.2,13.3,10.3,9.7,9.4,11.0,10.7,10.6,11.2,11.0,10.4,11.8,11.6,13.6,13.2 ,All,Infection
Lithuania,14.6,13.9,13.5,13.4,12.2,10.8,10.4,13.0,11.9,12.1,12.2,10.5,11.2,11.1,11.0,11.7 ,All,Infection
Luxembourg,,,,,,,,,,,,,,,, ,All,Infection
Macau,,,,,,,,,,,,,,,, ,All,Infection
Malaysia,,,,,,,,,,,,,,,, ,All,Infection
Maldives,,,,,,,,,,,,,,,, ,All,Infection
Malta,,,,,,,,,,,,,,,, ,All,Infection
Martinique,,,,,,,,,,,,,,,, ,All,Infection
Mauritius,,15.8,22.3,22.8,21.0,19.4,15.7,16.8,13.1,18.8,12.8,11.4,10.0,11.1,9.8,12.6 ,All,Infection
Mayotte,,,,,,,,,,,,,,,, ,All,Infection
Mexico,,14.4,16.4,16.2,16.5,16.3,16.8,18.6,18.5,19.3,20.0,19.8,21.4,21.6,22.0,22.4 ,All,Infection
Monaco,,,,,,,,,,,,,,,, ,All,Infection
Mongolia,,,,,,,,,,,,,,,, ,All,Infection
Montenegro,,,,,,,0.8,0.9,1.8,1.6,1.8,1.6,2.6,1.2,1.4,1.8 ,All,Infection
Montserrat,,,,,,,,,,,,,,,, ,All,Infection
Morocco,,,,,,,,,,,,,,,, ,All,Infection
Netherlands,8.6,8.2,8.4,6.3,6.1,6.3,6.2,6.3,6.0,6.4,6.4,6.7,6.9,6.6,6.6,6.5 ,All,Infection
Netherlands Antilles,,,,,,,,,,,,,,,, ,All,Infection
New Zealand,,,,4.1,4.1,3.6,4.0,3.3,3.3,2.9,2.6,3.0,2.9,2.9,3.8,3.5 ,All,Infection
Nicaragua,,,,,,,,,,,,,,,, ,All,Infection
Norway,,7.3,8.0,8.5,8.1,8.0,8.5,8.1,7.5,7.0,7.5,5.8,6.2,6.0,5.6,5.9 ,All,Infection
Occupied Palestinian Territory,,,,,,,,,,,,,,,, ,All,Infection
Oman,,,,,,32.1,16.6,,,,,,,,, ,All,Infection
Panama,,31.9,32.2,30.8,32.3,36.4,36.0,35.7,34.9,31.0,34.4,29.6,29.8,30.1,34.7,33.1 ,All,Infection
Paraguay,,16.3,25.9,20.7,23.2,22.9,21.6,21.6,20.8,21.6,23.3,22.0,20.2,19.0,18.8,21.2 ,All,Infection
Peru,,,,,,,,,,,,,,,, ,All,Infection
Philippines,,,,,70.7,74.1,78.4,75.8,75.0,79.3,,,84.5,92.6,93.0,98.8 ,All,Infection
Poland,,3.1,3.2,4.3,5.4,5.0,5.2,5.1,4.4,4.7,4.7,4.6,5.1,5.2,5.1,5.4 ,All,Infection
Portugal,,9.9,11.2,11.2,11.5,13.4,13.8,14.5,14.5,,,,16.2,15.3,15.9,17.9 ,All,Infection
Puerto Rico,,23.8,23.2,24.0,25.9,25.4,28.5,29.0,30.2,31.0,33.5,32.7,30.7,33.3,37.0,33.6 ,All,Infection
Qatar,,7.5,4.3,3.4,4.2,10.9,7.2,8.7,3.8,3.0,2.8,12.0,,,35.1, ,All,Infection
Republic of Korea,,,9.3,10.4,10.4,10.8,10.2,9.8,9.8,10.4,11.1,10.7,11.6,12.9,13.4,15 ,All,Infection
Republic of Moldova,11.0,11.5,10.8,13.5,15.4,17.1,18.3,18.3,19.2,19.1,20.7,19.7,18.6,18.5,17.2,20.3 ,All,Infection
Reunion,,,8.4,9.4,8.8,9.5,9.4,9.4,13.0,33.0,13.7,10.0,10.9,12.7,12.6, ,All,Infection
Rodrigues,,,,,,,,,,,,,,,, ,All,Infection
Romania,8.3,8.3,7.5,8.2,8.1,8.8,8.6,9.3,9.1,10.0,10.4,11.9,12.7,13.9,14.6,13.6 ,All,Infection
Russian Federation,,,,,20.6,20.6,20.8,21.2,21.1,21.9,23.8,22.6,22.8,22.8,22.2,22.9 ,All,Infection
Saint Kitts and Nevis,,,,,,,,,,,,,,,, ,All,Infection
Saint Lucia,,,,,,,,,,,,,,,, ,All,Infection
Saint Pierre and Miquelon,,,,,,,,,,,,,,,, ,All,Infection
Saint Vincent and Grenadines,,,,,,,,,,,,,,,, ,All,Infection
San Marino,,,,,,,,,,,,,,,, ,All,Infection
Sao Tome and Principe,,,,,,,,,,,,,,,, ,All,Infection
Saudi Arabia,,,,,,,,,,,,,,,, ,All,Infection
Serbia,,4.1,4.3,3.4,3.5,3.7,3.5,3.2,3.7,3.9,4.9,4.6,5.0,4.8,4.8,5.6 ,All,Infection
Seychelles,,,,,,,,,,,,,,,, ,All,Infection
Singapore,3.3,3.7,3.9,4.3,4.9,5.7,6.0,6.6,7.1,6.1,9.6,7.9,6.8,8.2,8.6,8.8 ,All,Infection
Slovakia,,4.3,3.9,2.4,,4.7,4.7,4.4,4.0,4.0,3.4,3.3,4.0,3.1,2.8,2.8 ,All,Infection
Slovenia,3.0,,2.4,2.3,1.8,2.1,2.4,3.6,4.4,4.1,6.0,3.2,3.4,3.7,4.0,3.4 ,All,Infection
South Africa,,208.0,219.8,232.6,258.9,294.1,320.8,365.4,344.8,360.8,332.0,316.1,304.5,272.7,, ,All,Infection
Spain,,6.2,6.1,6.6,6.9,7.0,7.8,8.9,9.4,9.2,9.9,10.0,10.4,10.1,10.2,10.2 ,All,Infection
Sri Lanka,,,,,,,,,,17.6,,,23.3,23.0,23.2,25.2 ,All,Infection
Suriname,,,,,,,,,,,,,,,, ,All,Infection
Sweden,8.6,7.7,8.6,8.5,7.7,7.8,7.8,7.1,7.0,5.9,6.1,5.2,5.5,5.8,5.1,4.9 ,All,Infection
Switzerland,,,4.2,4.2,4.5,4.3,4.2,4.4,4.3,4.4,4.0,4.5,5.1,5.1,5.6,6 ,All,Infection
Syrian Arab Republic,,,,,,,,,,,,,,,, ,All,Infection
Tajikistan,,,,,,,,,,,,,,,, ,All,Infection
TFYR Macedonia,,,2.6,3.4,2.4,2.8,2.6,3.8,4.1,4.1,4.8,6.1,6.9,6.7,7.3,8 ,All,Infection
Thailand,,54.0,57.4,60.9,60.0,61.7,58.6,60.0,59.7,56.9,61.8,68.8,78.6,70.7,,51.8 ,All,Infection
Trinidad and Tobago,,,,,,29.8,30.8,33.1,30.8,37.2,37.1,36.4,46.0,53.5,56.6,57.5 ,All,Infection
Tunisia,,,,,,,,,,,,,,,, ,All,Infection
Turkey,,,8.7,8.0,7.4,7.4,7.1,,,,,,,,, ,All,Infection
Turkmenistan,,16.7,15.1,15.7,20.4,24.6,23.1,20.8,21.6,21.4,24.9,25.7,27.4,29.5,38.7,41.4 ,All,Infection
Turks and Caicos Islands,,,,,,,,,,,,,,,, ,All,Infection
Ukraine,,22.4,,27.1,27.7,28.8,29.9,34.0,33.2,32.1,33.8,29.4,27.1,24.6,25.3,23.6 ,All,Infection
United Arab Emirates,,,,,,30.0,28.8,27.1,33.1,37.0,28.0,,,,, ,All,Infection
United Kingdom,,,4.7,4.5,4.9,4.7,5.5,6.1,7.2,6.8,5.9,5.2,5.2,4.8,4.9,4.5 ,All,Infection
United States of America,,13.3,13.6,13.5,13.8,14.0,14.8,14.8,14.9,15.2,15.4,15.4,15.7,15.8,15.3,15.2 ,All,Infection
Uruguay,,13.6,14.4,16.1,,16.3,15.0,14.9,15.7,12.3,15.0,15.7,16.3,15.3,16.2,15.8 ,All,Infection
Uzbekistan,,11.6,11.6,12.0,12.7,13.6,14.7,,,,18.9,19.2,22.4,24.7,25.1,25.6 ,All,Infection
Venezuela (Bolivarian Republic of),,,22.2,22.9,24.1,24.0,23.5,24.9,26.3,26.1,26.9,29.1,33.1,28.1,30.8,31.5 ,All,Infection
Virgin Islands (USA),,,,,,,,,,,,,,,, ,All,Infection
Zimbabwe,,,,,,,,,,,,,,,, ,All,Infection
Albania,,,,,,1.1,1.4,2.7,2.8,4.1,2.8,4.8,4.6,4.5,4.4,3.4 ,Male,Infection
Anguilla,,,,,,,,,,,,,,,, ,Male,Infection
Antigua and Barbuda,,,,,,,,,,,,,,,, ,Male,Infection
Argentina,,33.3,32.8,32.5,34.3,34.2,33.8,35.1,37.5,38.7,38.3,37.7,40.1,39.6,41.6,40.4 ,Male,Infection
Armenia,14.3,12.9,11.2,14.7,12.3,15.1,13.4,14.1,,14.2,,,13.0,13.9,11.8,13.8 ,Male,Infection
Aruba,,,,,,,,,,,,,,,, ,Male,Infection
Australia,,7.4,7.2,7.0,7.3,6.8,6.3,6.6,6.5,7.5,,7.2,7.0,7.4,7.4,7.4 ,Male,Infection
Austria,,5.1,5.5,4.9,4.9,4.9,5.4,5.2,4.6,4.6,6.4,4.9,5.6,5.2,3.1,3.4 ,Male,Infection
Azerbaijan,,,,,,,,,7.8,,,23.3,26.1,29.4,30.7,32.4 ,Male,Infection
Bahamas,,,,,,,,,,,,,,,, ,Male,Infection
Bahrain,,7.5,4.6,17.0,17.6,17.4,20.3,16.1,15.2,19.5,29.3,35.0,32.6,24.5,20.5,32.4 ,Male,Infection
Barbados,,,,,,,,,,,,,,,, ,Male,Infection
Belarus,,12.7,13.8,,18.0,17.7,17.5,17.2,19.1,,,,21.2,19.9,16.9,14.9 ,Male,Infection
Belgium,,,12.7,12.4,11.1,11.3,11.3,11.1,11.4,11.9,13.8,14.6,15.0,14.2,13.2,12.8 ,Male,Infection
Belize,,,,,,,,,,,,,,,, ,Male,Infection
Bermuda,,,,,,,,,,,,,,,, ,Male,Infection
Bolivia,,,,,,,,,,,,,,,, ,Male,Infection
Bosnia and Herzegovina,,6.7,,,7.8,,,,,,,,,,, ,Male,Infection
Brazil,,32.2,33.1,32.4,33.2,34.5,34.3,35.4,35.2,37.2,38.1,38.9,40.2,39.9,41.0,41.9 ,Male,Infection
British Virgin Islands,,,,,,,,,,,,,,,, ,Male,Infection
Brunei Darussalam,,,,,,,,,,,,,,,, ,Male,Infection
Bulgaria,,,6.9,8.2,6.7,8.3,7.8,8.4,9.4,8.4,8.9,9.1,9.0,8.2,9.9,10.5 ,Male,Infection
Canada,,,,9.6,9.6,10.0,9.7,9.7,10.3,9.5,9.7,9.5,9.4,8.6,8.5,9.1 ,Male,Infection
Cabo Verde,,,,,,,,,,,,,,,, ,Male,Infection
Cayman Islands,,,,,,,,,,,,,,,, ,Male,Infection
Chile,,15.2,14.9,13.5,11.9,13.2,12.8,11.9,12.8,13.4,13.9,15.3,15.4,15.7,18.5,18.3 ,Male,Infection
Colombia,,,19.8,19.3,18.7,20.3,21.2,23.1,24.5,24.6,26.1,27.5,27.5,28.0,28.9,28.2 ,Male,Infection
Costa Rica,,9.8,10.4,9.8,10.6,11.5,10.4,9.2,9.7,12.4,14.0,13.7,14.5,15.8,17.1,15.3 ,Male,Infection
Croatia,6.2,5.6,4.8,5.3,4.6,5.7,6.9,5.7,7.0,6.8,6.0,6.9,8.6,11.1,10.4,12.4 ,Male,Infection
Cuba,,10.5,10.1,9.1,8.1,8.0,6.6,6.8,7.2,7.7,8.8,7.0,7.1,6.7,7.3,7.6 ,Male,Infection
Cyprus,,,8.2,7.3,6.3,5.2,7.0,7.2,5.7,3.3,6.3,4.2,,,,4.1 ,Male,Infection
Czech Republic,10.6,9.9,8.7,9.9,8.3,6.2,7.2,6.3,4.7,3.4,2.9,2.9,2.7,2.5,2.4,2.4 ,Male,Infection
Denmark,,7.1,8.6,8.2,7.8,8.9,8.4,7.5,9.3,8.5,8.0,9.3,10.1,9.0,5.1,4.8 ,Male,Infection
Dominica,,,,,,,,,,,,,,,, ,Male,Infection
Dominican Republic,,,,,,,,,,,,,,,, ,Male,Infection
Ecuador,,18.4,17.3,21.7,21.9,24.3,25.3,27.2,28.4,29.3,31.4,29.2,32.4,36.1,36.3,38.6 ,Male,Infection
Egypt,,32.3,26.8,29.6,32.4,28.6,27.9,34.9,37.5,36.5,35.0,31.8,27.0,30.1,33.8,34.4 ,Male,Infection
El Salvador,,,30.8,28.5,25.6,29.4,29.6,28.6,32.7,35.4,38.1,45.6,58.6,51.7,50.8,57.3 ,Male,Infection
Estonia,,9.0,10.8,11.9,12.8,11.5,13.3,12.0,12.8,14.5,10.4,14.8,14.8,11.9,13.5,14.1 ,Male,Infection
Falkland Islands (Malvinas),,,,,,,,,,,,,,,, ,Male,Infection
Fiji,,,,64.5,60.6,,72.9,67.8,70.4,94.0,74.7,79.5,72.3,60.2,93.1, ,Male,Infection
Finland,,2.8,3.2,3.4,4.2,4.5,4.7,4.6,5.4,4.2,4.8,4.4,4.8,5.2,5.5,5.2 ,Male,Infection
France,,,8.4,9.4,9.8,9.6,10.0,10.3,10.3,10.6,10.9,10.9,12.4,12.4,12.2,13.3 ,Male,Infection
French Guiana,,,,,,,,,,,,,,,, ,Male,Infection
Georgia,,19.8,15.8,15.5,11.9,5.5,10.1,,8.3,7.4,9.8,14.1,,,11.9,13.1 ,Male,Infection
Germany,,9.9,10.2,9.8,9.5,9.4,9.5,9.3,9.0,8.5,8.9,8.3,8.5,8.5,8.7,8.9 ,Male,Infection
Greece,,,5.1,4.9,4.1,4.8,5.5,5.1,4.5,4.0,3.9,4.1,4.5,4.6,4.1,3.8 ,Male,Infection
Grenada,,,,,,,,,,,,,,,, ,Male,Infection
Guadeloupe,,,,,,,,,,,,,,,, ,Male,Infection
Guatemala,,38.2,38.3,36.2,41.7,45.5,49.4,54.9,54.5,56.9,61.8,61.1,63.6,68.5,73.5,70.5 ,Male,Infection
Guyana,,,,119.0,108.0,105.7,91.8,100.3,122.3,113.8,126.9,141.3,125.6,145.7,137.9, ,Male,Infection
Haiti,,,,,,,,,,,,,,,, ,Male,Infection
Honduras,,,,,,,,,,,,,,,, ,Male,Infection
Hong Kong SAR,,,11.1,12.4,12.2,11.8,12.0,12.9,13.3,12.9,13.2,14.7,14.4,13.6,14.6,11.9 ,Male,Infection
Hungary,,5.1,5.7,6.1,4.6,4.4,3.7,4.1,4.7,4.4,4.9,5.2,5.0,6.3,6.8,7.1 ,Male,Infection
Iceland,,,,,,,,,,,,,,,, ,Male,Infection
Iraq,,,,,,,,,,,,,,,, ,Male,Infection
Ireland,,,4.1,4.1,4.0,4.8,4.8,4.1,5.1,3.2,4.0,3.3,3.0,4.2,4.5,5.7 ,Male,Infection
Israel,,21.9,20.3,21.5,20.0,16.7,15.5,17.3,15.6,15.9,15.7,13.4,14.5,13.3,14.1,17.7 ,Male,Infection
Italy,,,,10.4,9.4,8.5,8.6,8.4,8.6,8.1,,,9.0,6.9,6.5,6.5 ,Male,Infection
Jamaica,,,,,32.5,37.5,35.0,,,28.6,33.9,35.7,35.0,36.1,38.6,38.7 ,Male,Infection
Japan,,7.6,7.9,8.6,8.9,9.1,9.2,9.4,9.7,10.0,10.3,10.1,10.3,10.0,10.6,11 ,Male,Infection
Jordan,,,,,,,,,,,,,,,, ,Male,Infection
Kazakhstan,11.9,13.0,14.9,17.8,19.9,23.6,27.2,33.5,35.6,40.0,45.1,42.9,46.4,50.3,51.7,58.5 ,Male,Infection
Kiribati,,,,,,,,,,,,,,,, ,Male,Infection
Kuwait,,33.8,22.3,26.0,21.0,14.5,17.4,14.7,11.4,15.9,14.2,19.8,18.2,24.3,16.2,15.8 ,Male,Infection
Kyrgyzstan,23.7,25.1,28.3,28.4,29.8,25.9,28.7,31.0,37.8,39.2,39.2,40.5,46.4,51.5,61.2,60.2 ,Male,Infection
Latvia,,16.3,18.1,14.2,14.7,13.6,16.9,15.2,16.3,17.0,16.8,16.2,17.1,18.1,22.5,22.1 ,Male,Infection
Lithuania,21.9,21.8,21.8,21.3,19.6,17.4,16.9,20.7,20.0,19.7,21.4,18.7,19.1,18.6,19.2,20.1 ,Male,Infection
Luxembourg,,,,,,,,,,,,,,,, ,Male,Infection
Macau,,,,,,,,,,,,,,,, ,Male,Infection
Malaysia,,,,,,,,,,,,,,,, ,Male,Infection
Maldives,,,,,,,,,,,,,,,, ,Male,Infection
Malta,,,,,,,,,,,,,,,, ,Male,Infection
Martinique,,,,,,,,,,,,,,,, ,Male,Infection
Mauritius,,24.2,33.0,29.8,31.4,27.3,20.4,22.8,18.1,23.3,15.4,14.1,13.0,16.0,11.7,13.2 ,Male,Infection
Mayotte,,,,,,,,,,,,,,,, ,Male,Infection
Mexico,,18.1,20.6,20.3,20.8,20.6,21.2,23.2,23.1,24.3,24.8,24.8,26.9,27.2,27.8,28.5 ,Male,Infection
Monaco,,,,,,,,,,,,,,,, ,Male,Infection
Mongolia,,,,,,,,,,,,,,,, ,Male,Infection
Montenegro,,,,,,,0.8,1.6,2.5,2.3,3.3,2.3,4.2,2.6,1.4,2.6 ,Male,Infection
Montserrat,,,,,,,,,,,,,,,, ,Male,Infection
Morocco,,,,,,,,,,,,,,,, ,Male,Infection
Netherlands,10.3,9.9,10.2,7.7,6.9,7.6,7.6,7.5,7.3,7.8,7.5,8.0,8.2,8.0,7.8,7.9 ,Male,Infection
Netherlands Antilles,,,,,,,,,,,,,,,, ,Male,Infection
New Zealand,,,,4.5,4.5,4.1,4.7,3.8,3.8,3.9,3.2,3.7,2.8,2.8,4.9,4.6 ,Male,Infection
Nicaragua,,,,,,,,,,,,,,,, ,Male,Infection
Norway,,8.6,9.4,10.1,10.0,9.2,10.3,10.0,8.5,8.6,9.8,6.8,7.8,7.1,6.8,6.8 ,Male,Infection
Occupied Palestinian Territory,,,,,,,,,,,,,,,, ,Male,Infection
Oman,,,,,,40.0,20.9,,,,,,,,, ,Male,Infection
Panama,,41.9,42.0,41.6,39.6,48.5,47.3,48.6,43.1,41.9,44.9,38.3,40.5,41.0,47.3,45.8 ,Male,Infection
Paraguay,,21.2,31.5,24.3,28.0,28.4,26.5,26.2,25.4,27.0,28.6,26.1,23.9,25.0,21.5,25 ,Male,Infection
Peru,,,,,,,,,,,,,,,, ,Male,Infection
Philippines,,,,,96.3,99.8,107.3,105.3,104.4,113.3,,,122.0,132.2,132.8,140.6 ,Male,Infection
Poland,,4.3,4.6,5.8,7.5,7.1,7.3,7.3,6.4,6.8,7.0,6.9,7.7,7.5,7.4,8 ,Male,Infection
Portugal,,14.0,15.3,15.9,16.1,19.1,19.2,20.4,21.1,,,,24.3,24.1,25.3,27 ,Male,Infection
Puerto Rico,,32.9,31.6,32.3,36.0,34.8,39.4,40.4,42.1,43.9,46.6,46.1,43.7,46.3,51.5,46.6 ,Male,Infection
Qatar,,8.2,4.9,2.6,3.4,11.9,9.7,11.4,1.9,2.2,0.9,9.6,,,35.1, ,Male,Infection
Republic of Korea,,,12.7,14.5,14.6,15.3,14.2,14.5,14.7,15.7,16.6,17.0,18.9,21.1,21.3,23.9 ,Male,Infection
Republic of Moldova,16.5,18.5,17.7,22.9,26.4,29.1,29.2,30.2,31.6,32.4,35.4,32.9,30.7,31.2,28.6,34.5 ,Male,Infection
Reunion,,,11.5,10.8,11.8,11.8,12.6,12.8,15.7,47.1,17.8,12.0,14.5,18.0,22.2, ,Male,Infection
Rodrigues,,,,,,,,,,,,,,,, ,Male,Infection
Romania,11.9,11.7,10.9,12.2,12.1,13.5,13.6,14.5,14.0,15.7,15.9,18.3,19.7,21.1,22.3,19.9 ,Male,Infection
Russian Federation,,,,,32.5,32.8,33.9,34.9,34.8,36.7,40.1,38.4,39.1,39.1,38.3,39.8 ,Male,Infection
Saint Kitts and Nevis,,,,,,,,,,,,,,,, ,Male,Infection
Saint Lucia,,,,,,,,,,,,,,,, ,Male,Infection
Saint Pierre and Miquelon,,,,,,,,,,,,,,,, ,Male,Infection
Saint Vincent and Grenadines,,,,,,,,,,,,,,,, ,Male,Infection
San Marino,,,,,,,,,,,,,,,, ,Male,Infection
Sao Tome and Principe,,,,,,,,,,,,,,,, ,Male,Infection
Saudi Arabia,,,,,,,,,,,,,,,, ,Male,Infection
Serbia,,5.3,5.6,4.5,4.6,4.8,4.9,4.4,5.1,5.3,7.0,6.5,6.6,7.0,7.0,8.1 ,Male,Infection
Seychelles,,,,,,,,,,,,,,,, ,Male,Infection
Singapore,4.4,5.5,5.9,5.9,6.7,6.5,8.1,8.4,10.0,6.6,12.0,10.5,9.3,10.3,10.4,10.4 ,Male,Infection
Slovakia,,5.1,5.1,3.2,,5.9,5.6,5.3,4.8,4.9,4.2,5.0,5.7,4.3,3.7,3.8 ,Male,Infection
Slovenia,3.2,,3.0,2.5,2.1,2.9,2.6,4.7,5.3,4.5,6.5,4.6,4.5,5.8,5.7,4.9 ,Male,Infection
South Africa,,252.1,262.9,278.9,304.7,340.2,372.1,409.1,384.0,401.3,368.4,351.6,345.6,311.1,, ,Male,Infection
Spain,,7.8,7.9,8.4,8.8,9.4,10.1,11.5,12.4,12.2,13.5,13.6,13.9,13.8,13.9,14.2 ,Male,Infection
Sri Lanka,,,,,,,,,,24.2,,,31.9,30.4,31.0,33.2 ,Male,Infection
Suriname,,,,,,,,,,,,,,,, ,Male,Infection
Sweden,10.6,9.6,10.1,10.7,9.4,9.4,9.2,8.6,8.5,7.1,7.6,6.4,6.5,6.6,6.0,6.2 ,Male,Infection
Switzerland,,,4.9,4.8,5.5,5.5,5.1,5.5,5.3,5.4,5.0,5.6,6.4,6.3,7.6,7 ,Male,Infection
Syrian Arab Republic,,,,,,,,,,,,,,,, ,Male,Infection
Tajikistan,,,,,,,,,,,,,,,, ,Male,Infection
TFYR Macedonia,,,3.2,4.3,3.2,4.0,3.7,4.2,5.2,6.3,6.1,8.2,9.2,8.0,10.3,9.9 ,Male,Infection
Thailand,,66.3,69.9,72.8,71.4,72.2,69.1,70.9,70.1,66.7,73.0,82.0,94.1,86.3,,67.3 ,Male,Infection
Trinidad and Tobago,,,,,,37.6,35.3,37.4,39.7,45.8,47.8,49.6,58.0,68.0,71.1,77.6 ,Male,Infection
Tunisia,,,,,,,,,,,,,,,, ,Male,Infection
Turkey,,,10.6,9.4,8.9,9.1,8.8,,,,,,,,, ,Male,Infection
Turkmenistan,,22.4,22.1,23.0,28.6,35.5,32.8,27.9,31.7,32.6,36.5,37.0,41.2,40.8,55.7,60.1 ,Male,Infection
Turks and Caicos Islands,,,,,,,,,,,,,,,, ,Male,Infection
Ukraine,,34.2,,41.8,43.6,45.5,47.7,54.6,53.6,52.7,56.3,49.5,46.3,42.5,44.8,42.7 ,Male,Infection
United Arab Emirates,,,,,,27.1,24.8,26.9,26.9,32.4,26.7,,,,, ,Male,Infection
United Kingdom,,,5.2,4.9,5.4,5.3,6.1,6.8,7.8,7.6,6.6,5.8,6.0,5.7,5.8,5.2 ,Male,Infection
United States of America,,15.6,16.0,15.9,16.2,16.6,17.5,17.6,18.1,18.5,18.9,19.0,19.4,19.8,19.3,19.3 ,Male,Infection
Uruguay,,18.0,18.3,21.3,,21.8,19.7,19.9,22.1,16.6,20.8,20.1,21.9,21.2,21.5,22.6 ,Male,Infection
Uzbekistan,,16.2,16.2,17.0,18.5,18.8,20.2,,,,25.7,25.6,30.1,33.0,34.0,34.5 ,Male,Infection
Venezuela (Bolivarian Republic of),,,29.4,31.0,32.1,32.3,31.4,32.4,35.1,34.4,35.9,37.8,43.0,36.1,39.9,42.1 ,Male,Infection
Virgin Islands (USA),,,,,,,,,,,,,,,, ,Male,Infection
Zimbabwe,,,,,,,,,,,,,,,, ,Male,Infection
Albania,,,,,,1.3,0.7,1.3,1.3,2.2,2.7,2.5,2.9,2.7,2.7,2.3 ,Female,Infection
Anguilla,,,,,,,,,,,,,,,, ,Female,Infection
Antigua and Barbuda,,,,,,,,,,,,,,,, ,Female,Infection
Argentina,,20.3,21.1,20.2,21.4,22.4,21.9,21.5,24.0,24.5,23.9,22.9,23.9,24.8,25.5,24.7 ,Female,Infection
Armenia,4.7,4.8,4.2,3.2,4.1,4.7,4.0,3.5,,4.2,,,3.6,3.8,3.8,4.7 ,Female,Infection
Aruba,,,,,,,,,,,,,,,, ,Female,Infection
Australia,,5.0,5.2,4.5,4.8,4.2,3.7,4.3,4.1,4.6,,4.3,4.2,4.5,4.4,4.5 ,Female,Infection
Austria,,2.9,3.1,2.9,3.3,3.2,3.2,3.3,2.9,3.0,3.2,3.4,3.3,2.6,1.9,1.9 ,Female,Infection
Azerbaijan,,,,,,,,,2.6,,,7.8,10.1,10.3,12.9,12.2 ,Female,Infection
Bahamas,,,,,,,,,,,,,,,, ,Female,Infection
Bahrain,,6.8,11.2,9.0,10.3,15.1,21.4,17.2,18.0,23.1,24.4,12.6,21.0,16.9,15.6,31.8 ,Female,Infection
Barbados,,,,,,,,,,,,,,,, ,Female,Infection
Belarus,,4.1,4.4,,5.1,4.9,4.3,4.0,4.7,,,,3.9,4.1,3.8,3.8 ,Female,Infection
Belgium,,,9.0,7.9,7.9,8.7,9.1,8.4,8.1,8.7,10.0,10.7,11.1,10.0,9.7,8.8 ,Female,Infection
Belize,,,,,,,,,,,,,,,, ,Female,Infection
Bermuda,,,,,,,,,,,,,,,, ,Female,Infection
Bolivia,,,,,,,,,,,,,,,, ,Female,Infection
Bosnia and Herzegovina,,3.6,,,3.2,,,,,,,,,,, ,Female,Infection
Brazil,,19.9,20.6,20.3,20.6,21.1,20.6,21.2,21.3,22.1,23.0,22.8,23.6,23.0,23.4,23.4 ,Female,Infection
British Virgin Islands,,,,,,,,,,,,,,,, ,Female,Infection
Brunei Darussalam,,,,,,,,,,,,,,,, ,Female,Infection
Bulgaria,,,3.4,3.6,3.2,3.4,3.5,3.8,4.5,3.9,4.0,4.3,4.5,4.5,4.5,5.3 ,Female,Infection
Canada,,,,7.3,7.2,6.9,6.8,6.6,6.5,6.3,6.4,6.1,5.5,5.4,5.0,5.2 ,Female,Infection
Cabo Verde,,,,,,,,,,,,,,,, ,Female,Infection
Cayman Islands,,,,,,,,,,,,,,,, ,Female,Infection
Chile,,8.0,7.8,7.2,6.5,6.6,6.3,5.9,6.1,6.7,7.0,7.1,7.5,8.0,8.3,9.5 ,Female,Infection
Colombia,,,9.5,9.6,9.3,10.1,10.4,11.3,13.0,12.1,13.2,14.1,14.0,14.4,14.7,14.7 ,Female,Infection
Costa Rica,,5.7,5.1,5.5,5.6,5.8,5.4,5.3,6.3,7.1,6.4,7.8,8.0,6.8,8.8,9.4 ,Female,Infection
Croatia,3.1,2.8,2.6,2.5,2.6,3.0,2.9,3.3,3.9,3.6,3.0,3.7,5.1,5.6,5.7,5.9 ,Female,Infection
Cuba,,5.7,5.4,4.6,4.1,4.6,4.1,4.4,4.7,4.5,5.2,4.6,4.4,4.5,4.8,4.7 ,Female,Infection
Cyprus,,,4.5,5.0,5.4,3.4,4.7,3.8,5.0,2.7,4.2,4.2,,,,2.9 ,Female,Infection
Czech Republic,7.4,6.4,6.0,6.5,5.8,4.6,5.2,4.2,3.4,2.0,2.1,1.7,1.5,1.7,1.7,1.3 ,Female,Infection
Denmark,,6.1,6.8,5.9,5.4,6.8,5.9,5.4,6.3,6.2,5.8,6.9,7.0,5.6,3.6,3.4 ,Female,Infection
Dominica,,,,,,,,,,,,,,,, ,Female,Infection
Dominican Republic,,,,,,,,,,,,,,,, ,Female,Infection
Ecuador,,9.3,9.7,12.0,12.2,14.2,13.8,15.0,15.5,16.4,15.2,16.6,18.7,20.8,22.3,24.6 ,Female,Infection
Egypt,,24.6,18.3,20.2,20.6,19.4,18.5,30.6,31.2,31.3,27.7,27.3,20.5,23.3,24.8,26 ,Female,Infection
El Salvador,,,19.1,16.3,15.5,16.1,16.9,16.4,16.7,19.5,23.4,24.1,31.6,29.1,30.3,31.1 ,Female,Infection
Estonia,,4.8,4.2,3.9,3.6,3.1,4.8,3.5,4.7,4.7,3.4,4.4,4.0,3.1,4.1,4.4 ,Female,Infection
Falkland Islands (Malvinas),,,,,,,,,,,,,,,, ,Female,Infection
Fiji,,,,50.0,52.5,,64.0,63.3,49.9,82.9,63.1,52.6,52.5,48.8,69.4, ,Female,Infection
Finland,,2.2,1.9,1.9,2.7,3.0,3.1,3.5,3.6,2.8,2.7,2.9,3.5,3.3,3.0,4 ,Female,Infection
France,,,5.1,5.7,5.8,5.6,5.8,6.0,5.5,5.8,6.1,6.1,7.2,6.7,6.7,7 ,Female,Infection
French Guiana,,,,,,,,,,,,,,,, ,Female,Infection
Georgia,,4.7,3.5,3.4,3.2,2.3,2.9,,3.4,2.6,3.8,5.1,,,4.6,4.4 ,Female,Infection
Germany,,6.8,7.2,7.3,6.6,6.3,6.6,6.5,6.3,5.7,5.6,5.5,5.5,5.3,5.4,5.2 ,Female,Infection
Greece,,,3.1,3.3,3.1,3.6,4.0,3.8,3.8,3.0,3.3,2.6,3.0,3.5,2.7,2.4 ,Female,Infection
Grenada,,,,,,,,,,,,,,,, ,Female,Infection
Guadeloupe,,,,,,,,,,,,,,,, ,Female,Infection
Guatemala,,27.8,26.8,26.7,30.2,33.5,32.2,37.4,39.6,39.6,42.1,38.4,43.7,46.3,48.3,53.2 ,Female,Infection
Guyana,,,,72.1,63.9,73.9,50.1,63.1,62.1,69.2,88.1,73.0,72.1,87.0,83.8, ,Female,Infection
Haiti,,,,,,,,,,,,,,,, ,Female,Infection
Honduras,,,,,,,,,,,,,,,, ,Female,Infection
Hong Kong SAR,,,6.7,5.9,5.3,7.1,6.4,6.6,6.8,7.1,7.4,7.6,8.3,7.5,7.3,5.9 ,Female,Infection
Hungary,,3.7,4.3,4.2,2.8,2.0,2.4,1.6,1.9,1.6,2.1,2.0,1.9,2.3,2.2,3 ,Female,Infection
Iceland,,,,,,,,,,,,,,,, ,Female,Infection
Iraq,,,,,,,,,,,,,,,, ,Female,Infection
Ireland,,,2.9,2.8,3.1,3.5,3.6,3.2,3.4,2.3,2.4,2.7,2.6,3.1,3.2,4 ,Female,Infection
Israel,,15.7,14.8,16.0,14.8,12.5,12.1,13.4,12.9,12.3,12.0,11.2,10.8,11.5,11.1,12.8 ,Female,Infection
Italy,,,,6.3,5.9,5.2,5.0,4.7,4.7,4.4,,,5.0,3.6,3.3,3.3 ,Female,Infection
Jamaica,,,,,22.2,21.3,22.4,,,19.0,25.6,26.0,22.6,26.0,24.4,23.9 ,Female,Infection
Japan,,4.9,5.1,5.4,5.5,5.6,5.6,5.8,5.8,6.0,5.9,5.6,5.7,5.6,5.9,5.9 ,Female,Infection
Jordan,,,,,,,,,,,,,,,, ,Female,Infection
Kazakhstan,5.4,5.8,6.3,6.5,6.9,8.1,9.6,11.5,12.1,12.5,13.6,12.8,14.4,15.9,15.2,17.6 ,Female,Infection
Kiribati,,,,,,,,,,,,,,,, ,Female,Infection
Kuwait,,36.6,24.7,22.1,19.2,15.8,17.2,14.6,14.4,21.1,14.6,22.2,27.3,12.5,14.9,13.1 ,Female,Infection
Kyrgyzstan,10.1,10.4,11.1,10.4,12.1,11.9,11.1,12.4,12.4,15.5,13.4,13.9,13.8,16.2,18.9,18.1 ,Female,Infection
Latvia,,7.0,9.4,6.8,5.7,5.8,6.2,6.7,5.7,6.6,6.4,5.9,7.8,6.2,6.8,6.6 ,Female,Infection
Lithuania,9.3,7.7,7.0,7.3,6.2,5.5,5.3,6.6,5.2,6.0,4.8,4.2,4.9,5.2,4.4,5.3 ,Female,Infection
Luxembourg,,,,,,,,,,,,,,,, ,Female,Infection
Macau,,,,,,,,,,,,,,,, ,Female,Infection
Malaysia,,,,,,,,,,,,,,,, ,Female,Infection
Maldives,,,,,,,,,,,,,,,, ,Female,Infection
Malta,,,,,,,,,,,,,,,, ,Female,Infection
Martinique,,,,,,,,,,,,,,,, ,Female,Infection
Mauritius,,7.6,13.1,15.6,11.7,12.7,11.2,11.1,8.2,15.7,10.0,8.8,7.6,7.8,8.4,12 ,Female,Infection
Mayotte,,,,,,,,,,,,,,,, ,Female,Infection
Mexico,,10.9,12.4,12.3,12.4,12.4,12.6,14.4,14.2,14.7,15.4,15.3,16.3,16.5,16.7,16.8 ,Female,Infection
Monaco,,,,,,,,,,,,,,,, ,Female,Infection
Mongolia,,,,,,,,,,,,,,,, ,Female,Infection
Montenegro,,,,,,,0.7,0.2,1.2,1.0,0.3,1.1,1.1,0.0,1.4,1.1 ,Female,Infection
Montserrat,,,,,,,,,,,,,,,, ,Female,Infection
Morocco,,,,,,,,,,,,,,,, ,Female,Infection
Netherlands,7.3,7.0,7.0,5.1,5.4,5.3,5.0,5.4,5.0,5.4,5.6,5.6,5.9,5.5,5.6,5.4 ,Female,Infection
Netherlands Antilles,,,,,,,,,,,,,,,, ,Female,Infection
New Zealand,,,,3.7,3.6,3.2,3.4,2.8,2.9,2.1,1.9,2.3,2.9,3.0,2.8,2.7 ,Female,Infection
Nicaragua,,,,,,,,,,,,,,,, ,Female,Infection
Norway,,6.2,6.7,7.2,6.8,7.2,7.1,6.8,6.8,5.8,5.9,5.1,5.0,5.2,4.6,5.4 ,Female,Infection
Occupied Palestinian Territory,,,,,,,,,,,,,,,, ,Female,Infection
Oman,,,,,,26.2,15.2,,,,,,,,, ,Female,Infection
Panama,,22.1,22.7,20.4,25.2,24.7,24.9,23.2,26.7,20.2,24.1,21.0,19.3,19.5,22.5,20.6 ,Female,Infection
Paraguay,,11.3,20.4,16.9,18.4,17.2,16.6,17.2,16.3,16.4,18.1,17.8,16.6,13.3,16.3,17.2 ,Female,Infection
Peru,,,,,,,,,,,,,,,, ,Female,Infection
Philippines,,,,,49.4,52.8,54.7,51.4,51.0,51.8,,,54.1,60.5,60.7,64.8 ,Female,Infection
Poland,,2.1,2.1,3.0,3.7,3.2,3.5,3.4,2.8,3.0,2.9,2.8,3.0,3.3,3.2,3.3 ,Female,Infection
Portugal,,6.4,7.7,7.1,7.4,8.5,9.1,9.3,8.5,,,,8.9,7.3,7.3,9.6 ,Female,Infection
Puerto Rico,,16.4,16.3,17.2,17.5,17.7,19.5,19.7,20.2,20.1,22.4,21.4,19.7,22.1,24.5,22.4 ,Female,Infection
Qatar,,7.8,3.9,5.2,6.8,10.9,4.8,4.6,6.7,4.1,4.4,15.2,,,36.1, ,Female,Infection
Republic of Korea,,,6.8,7.5,7.5,7.7,7.2,6.6,6.4,6.8,7.2,6.4,6.7,7.7,8.2,9.2 ,Female,Infection
Republic of Moldova,6.2,5.1,4.6,5.0,5.5,6.1,8.5,7.7,7.9,7.3,8.0,8.1,8.0,7.3,7.3,7.8 ,Female,Infection
Reunion,,,6.2,8.5,6.5,7.9,6.4,6.9,11.0,23.9,10.4,8.1,7.7,8.8,6.2, ,Female,Infection
Rodrigues,,,,,,,,,,,,,,,, ,Female,Infection
Romania,5.1,5.2,4.4,4.8,4.5,4.5,4.0,4.6,4.6,4.8,5.4,6.0,6.3,7.2,7.5,7.8 ,Female,Infection
Russian Federation,,,,,10.0,9.9,9.4,9.2,9.3,9.2,9.8,9.0,8.8,8.7,8.1,8.2 ,Female,Infection
Saint Kitts and Nevis,,,,,,,,,,,,,,,, ,Female,Infection
Saint Lucia,,,,,,,,,,,,,,,, ,Female,Infection
Saint Pierre and Miquelon,,,,,,,,,,,,,,,, ,Female,Infection
Saint Vincent and Grenadines,,,,,,,,,,,,,,,, ,Female,Infection
San Marino,,,,,,,,,,,,,,,, ,Female,Infection
Sao Tome and Principe,,,,,,,,,,,,,,,, ,Female,Infection
Saudi Arabia,,,,,,,,,,,,,,,, ,Female,Infection
Serbia,,3.1,3.2,2.5,2.6,2.7,2.1,2.2,2.4,2.7,3.1,3.0,3.6,3.0,2.9,3.5 ,Female,Infection
Seychelles,,,,,,,,,,,,,,,, ,Female,Infection
Singapore,2.2,2.1,2.2,2.9,3.4,4.9,4.4,5.1,4.9,5.6,7.6,6.0,4.8,6.5,6.8,7.3 ,Female,Infection
Slovakia,,3.6,3.1,1.8,,3.7,4.1,3.6,3.2,3.2,2.7,2.1,2.8,2.1,2.2,2.1 ,Female,Infection
Slovenia,2.7,,1.9,2.1,1.7,1.4,2.2,2.6,3.7,3.7,5.0,2.3,2.3,2.3,2.9,2.2 ,Female,Infection
South Africa,,178.1,190.8,201.5,229.1,264.5,288.2,331.4,320.4,336.4,311.0,295.5,279.3,248.8,, ,Female,Infection
Spain,,4.8,4.4,4.9,5.1,4.9,5.6,6.4,6.6,6.4,6.5,6.6,7.3,6.6,6.8,6.5 ,Female,Infection
Sri Lanka,,,,,,,,,,11.9,,,15.4,16.1,15.8,17.6 ,Female,Infection
Suriname,,,,,,,,,,,,,,,, ,Female,Infection
Sweden,7.0,6.3,7.4,6.9,6.4,6.6,6.8,6.0,5.9,5.0,4.9,4.2,4.7,5.2,4.4,3.9 ,Female,Infection
Switzerland,,,3.6,3.6,3.7,3.3,3.5,3.5,3.4,3.5,3.3,3.5,3.9,3.9,3.9,5.1 ,Female,Infection
Syrian Arab Republic,,,,,,,,,,,,,,,, ,Female,Infection
Tajikistan,,,,,,,,,,,,,,,, ,Female,Infection
TFYR Macedonia,,,2.0,2.7,1.8,1.6,1.5,3.5,3.3,2.0,3.6,4.3,5.0,5.6,4.6,6.5 ,Female,Infection
Thailand,,43.1,46.1,50.3,49.6,52.2,49.3,50.2,50.2,47.7,51.2,56.3,64.1,56.0,,37.2 ,Female,Infection
Trinidad and Tobago,,,,,,23.8,26.9,28.9,22.5,29.2,27.5,24.7,35.1,40.1,42.9,39.3 ,Female,Infection
Tunisia,,,,,,,,,,,,,,,, ,Female,Infection
Turkey,,,7.1,6.7,6.1,6.0,5.8,,,,,,,,, ,Female,Infection
Turkmenistan,,11.6,9.1,9.4,13.3,15.4,14.5,14.1,12.5,11.2,14.1,15.2,14.9,19.1,22.6,25 ,Female,Infection
Turks and Caicos Islands,,,,,,,,,,,,,,,, ,Female,Infection
Ukraine,,11.9,,14.2,13.5,13.9,14.1,15.8,15.2,14.0,13.9,11.9,10.4,9.2,8.2,6.9 ,Female,Infection
United Arab Emirates,,,,,,39.0,35.2,31.2,42.0,47.0,37.7,,,,, ,Female,Infection
United Kingdom,,,4.3,4.1,4.4,4.2,4.9,5.4,6.6,6.2,5.3,4.8,4.5,4.1,4.2,4 ,Female,Infection
United States of America,,11.3,11.4,11.2,11.6,11.6,12.2,12.2,12.0,12.1,12.1,12.1,12.2,12.2,11.7,11.5 ,Female,Infection
Uruguay,,10.0,11.2,11.8,,11.9,11.0,10.9,10.4,8.3,10.0,12.0,11.6,10.3,11.3,10.2 ,Female,Infection
Uzbekistan,,7.6,7.6,7.6,7.7,9.0,9.7,,,,12.6,13.2,15.0,17.0,16.7,17.2 ,Female,Infection
Venezuela (Bolivarian Republic of),,,15.7,15.8,17.0,16.7,16.4,18.2,18.5,18.6,19.1,21.4,24.4,20.9,22.6,22 ,Female,Infection
Virgin Islands (USA),,,,,,,,,,,,,,,, ,Female,Infection
Zimbabwe,,,,,,,,,,,,,,,, ,Female,Infection
Albania,,,,,,56.4,74.7,80.5,74.2,87.4,88.6,95.6,102.0,94.4,84.7,104.2 ,All,Neoplazm
Anguilla,,,,,,,,,,,,,,,, ,All,Neoplazm
Antigua and Barbuda,,,,,,,,,,,,,,,, ,All,Neoplazm
Argentina,,119.1,119.8,120.2,120.0,122.6,123.3,124.5,128.0,128.9,131.0,130.8,131.9,131.7,133.2,135.5 ,All,Neoplazm
Armenia,150.3,142.7,141.5,145.3,151.1,154.1,145.4,146.6,,145.9,,,124.6,122.5,102.4,99.4 ,All,Neoplazm
Aruba,,,,,,,,,,,,,,,, ,All,Neoplazm
Australia,,108.6,111.4,111.7,115.9,117.1,117.0,121.2,119.4,123.8,,125.5,126.2,129.6,130.8,131.7 ,All,Neoplazm
Austria,,118.0,117.4,121.3,121.6,121.9,124.1,126.7,124.3,126.9,130.0,133.7,134.9,133.1,133.8,137.7 ,All,Neoplazm
Azerbaijan,,,,,,,,,68.8,,,90.7,96.3,90.6,86.9,83.2 ,All,Neoplazm
Bahamas,,,,,,,,,,,,,,,, ,All,Neoplazm
Bahrain,,42.5,41.5,47.9,50.6,49.6,47.7,57.2,57.9,61.6,69.6,80.1,89.0,101.1,91.8,92.6 ,All,Neoplazm
Barbados,,,,,,,,,,,,,,,, ,All,Neoplazm
Belarus,,115.9,117.2,,124.5,126.6,125.9,128.2,127.3,,,,133.0,137.9,140.2,141.4 ,All,Neoplazm
Belgium,,,124.8,126.0,128.3,130.4,130.8,134.1,134.1,133.5,137.4,136.9,140.3,144.7,145.4,146.8 ,All,Neoplazm
Belize,,,,,,,,,,,,,,,, ,All,Neoplazm
Bermuda,,,,,,,,,,,,,,,, ,All,Neoplazm
Bolivia,,,,,,,,,,,,,,,, ,All,Neoplazm
Bosnia and Herzegovina,,120.9,,,122.2,,,,,,,,,,, ,All,Neoplazm
Brazil,,100.7,101.8,102.6,102.6,103.7,103.4,104.3,104.6,104.9,103.3,102.3,101.7,102.0,102.6,103 ,All,Neoplazm
British Virgin Islands,,,,,,,,,,,,,,,, ,All,Neoplazm
Brunei Darussalam,,,,,,,,,,,,,,,, ,All,Neoplazm
Bulgaria,,,128.6,130.1,122.4,122.0,126.1,134.4,133.6,132.3,134.2,122.7,119.4,121.5,119.2,117.7 ,All,Neoplazm
Canada,,,,120.5,120.9,123.3,126.1,128.8,130.9,131.3,134.5,137.3,139.1,141.3,142.3,143.6 ,All,Neoplazm
Cabo Verde,,,,,,,,,,,,,,,, ,All,Neoplazm
Cayman Islands,,,,,,,,,,,,,,,, ,All,Neoplazm
Chile,,111.7,114.4,116.9,117.1,118.9,120.0,115.5,118.0,122.7,125.4,125.8,128.7,129.3,128.8,132 ,All,Neoplazm
Colombia,,,95.5,94.5,92.8,97.9,98.7,99.4,101.7,101.4,103.0,104.2,106.7,105.9,104.5,106.7 ,All,Neoplazm
Costa Rica,,93.7,95.2,95.9,97.3,102.2,89.9,90.9,92.3,99.1,98.4,107.9,107.5,101.1,112.5,106.4 ,All,Neoplazm
Croatia,160.4,161.5,162.8,163.0,164.6,163.8,163.4,164.8,161.2,162.8,165.0,162.5,166.0,165.3,164.9,190.9 ,All,Neoplazm
Cuba,,133.2,131.8,133.7,132.2,137.5,136.3,138.3,136.1,135.6,134.9,134.7,135.0,132.2,130.7,129.6 ,All,Neoplazm
Cyprus,,,94.8,94.1,91.7,90.3,95.5,94.8,97.3,90.9,93.5,95.5,,,,37.3 ,All,Neoplazm
Czech Republic,131.7,135.8,137.9,141.8,144.2,151.0,152.5,155.4,157.6,163.9,167.3,176.3,179.8,179.7,179.2,183.1 ,All,Neoplazm
Denmark,,135.8,137.7,143.8,143.5,148.2,146.7,152.4,154.5,161.9,161.9,162.7,162.9,165.2,172.0,174.6 ,All,Neoplazm
Dominica,,,,,,,,,,,,,,,, ,All,Neoplazm
Dominican Republic,,,,,,,,,,,,,,,, ,All,Neoplazm
Ecuador,,75.8,76.3,80.0,79.4,80.3,79.7,80.1,80.0,80.9,79.2,77.3,74.8,76.1,80.1,82 ,All,Neoplazm
Egypt,,60.8,54.1,52.2,52.3,52.1,50.8,77.3,85.2,88.8,79.3,77.3,49.2,46.7,43.9,39.3 ,All,Neoplazm
El Salvador,,,66.5,64.6,66.3,65.2,67.4,68.7,71.2,71.6,74.3,73.0,73.7,74.7,75.4,74.4 ,All,Neoplazm
Estonia,,143.0,138.6,141.8,142.7,141.6,143.9,145.2,148.3,152.2,150.7,151.6,148.1,153.1,150.7,153.9 ,All,Neoplazm
Falkland Islands (Malvinas),,,,,,,,,,,,,,,, ,All,Neoplazm
Fiji,,,,100.1,111.8,,102.1,102.6,109.5,98.8,93.1,83.2,77.4,63.4,63.3, ,All,Neoplazm
Finland,,101.0,103.9,105.0,105.5,108.3,105.3,106.8,107.9,109.7,111.6,112.6,114.2,114.7,117.5,118.7 ,All,Neoplazm
France,,,120.5,123.6,125.6,128.4,131.3,132.4,133.7,136.4,140.2,140.8,144.4,146.4,147.3,148.7 ,All,Neoplazm
French Guiana,,,,,,,,,,,,,,,, ,All,Neoplazm
Georgia,,99.8,73.5,77.7,72.4,43.8,81.3,,72.5,78.8,75.5,93.4,,,75.5,77.6 ,All,Neoplazm
Germany,,120.0,122.8,121.2,123.6,124.1,125.0,127.2,126.7,128.8,131.2,132.8,135.3,137.5,138.1,142.6 ,All,Neoplazm
Greece,,,118.0,117.3,112.8,114.3,117.5,119.9,120.8,118.1,122.7,123.8,122.6,123.1,126.0,125.2 ,All,Neoplazm
Grenada,,,,,,,,,,,,,,,, ,All,Neoplazm
Guadeloupe,,,,,,,,,,,,,,,, ,All,Neoplazm
Guatemala,,79.6,80.9,84.4,82.5,87.4,88.6,84.8,86.4,88.9,87.1,89.8,88.1,87.5,83.2,86.1 ,All,Neoplazm
Guyana,,,,88.8,103.7,96.3,82.2,97.5,94.5,85.6,99.4,93.0,94.7,85.9,101.4, ,All,Neoplazm
Haiti,,,,,,,,,,,,,,,, ,All,Neoplazm
Honduras,,,,,,,,,,,,,,,, ,All,Neoplazm
Hong Kong SAR,,,106.6,108.4,111.8,113.9,116.2,116.7,119.2,120.9,127.8,127.0,128.5,133.5,135.9,138.2 ,All,Neoplazm
Hungary,,178.9,180.8,185.7,185.8,186.5,190.4,189.4,191.4,191.1,191.5,204.3,206.5,205.6,207.8,217.4 ,All,Neoplazm
Iceland,,,,,,,,,,,,,,,, ,All,Neoplazm
Iraq,,,,,,,,,,,,,,,, ,All,Neoplazm
Ireland,,,132.2,132.9,137.6,129.6,142.2,142.7,141.3,144.4,142.5,147.2,146.7,148.4,153.8,158.9 ,All,Neoplazm
Israel,,103.9,104.9,107.4,106.1,111.7,109.8,115.5,116.9,116.7,119.6,119.0,125.7,126.3,126.4,128.5 ,All,Neoplazm
Italy,,,,123.8,125.0,124.6,127.2,128.5,130.5,131.5,,,139.2,139.1,143.8,143.8 ,All,Neoplazm
Jamaica,,,,,120.8,116.8,118.3,,,109.6,112.2,115.4,110.6,103.6,114.5,121.2 ,All,Neoplazm
Japan,,103.2,104.7,106.1,108.0,109.1,109.6,112.5,113.7,115.1,117.1,119.5,118.9,120.8,123.6,125.7 ,All,Neoplazm
Jordan,,,,,,,,,,,,,,,, ,All,Neoplazm
Kazakhstan,99.0,101.3,109.8,114.5,113.7,121.7,121.4,125.0,127.9,129.4,134.7,135.9,140.3,142.8,146.1,149.1 ,All,Neoplazm
Kiribati,,,,,,,,,,,,,,,, ,All,Neoplazm
Kuwait,,56.8,55.6,65.2,57.6,61.6,69.7,59.5,66.8,81.5,74.4,70.7,71.1,72.0,70.3,77.7 ,All,Neoplazm
Kyrgyzstan,94.8,95.6,90.8,88.2,91.6,89.5,92.3,86.6,85.1,89.8,90.2,90.7,92.5,91.2,90.1,93.3 ,All,Neoplazm
Latvia,,149.8,149.9,151.2,151.3,156.9,155.1,153.3,154.3,159.4,154.7,153.8,153.9,153.4,156.6,150.8 ,All,Neoplazm
Lithuania,146.2,141.0,139.8,142.3,147.1,147.4,148.6,153.1,153.1,152.2,151.0,151.7,151.2,153.8,155.3,156 ,All,Neoplazm
Luxembourg,,,,,,,,,,,,,,,, ,All,Neoplazm
Macau,,,,,,,,,,,,,,,, ,All,Neoplazm
Malaysia,,,,,,,,,,,,,,,, ,All,Neoplazm
Maldives,,,,,,,,,,,,,,,, ,All,Neoplazm
Malta,,,,,,,,,,,,,,,, ,All,Neoplazm
Martinique,,,,,,,,,,,,,,,, ,All,Neoplazm
Mauritius,,83.3,88.2,84.6,79.7,83.1,86.8,90.0,82.2,82.5,81.8,89.3,90.2,85.5,92.0,77.7 ,All,Neoplazm
Mayotte,,,,,,,,,,,,,,,, ,All,Neoplazm
Mexico,,77.2,75.5,78.0,78.3,79.5,79.9,82.2,81.2,83.6,85.4,85.2,86.0,86.1,85.0,86.3 ,All,Neoplazm
Monaco,,,,,,,,,,,,,,,, ,All,Neoplazm
Mongolia,,,,,,,,,,,,,,,, ,All,Neoplazm
Montenegro,,,,,,,99.5,103.9,110.1,115.4,122.8,119.2,122.1,124.9,113.7,111.8 ,All,Neoplazm
Montserrat,,,,,,,,,,,,,,,, ,All,Neoplazm
Morocco,,,,,,,,,,,,,,,, ,All,Neoplazm
Netherlands,132.6,135.8,134.6,139.7,141.2,142.9,142.4,144.3,143.7,145.9,148.1,151.3,152.0,154.1,153.9,155.8 ,All,Neoplazm
Netherlands Antilles,,,,,,,,,,,,,,,, ,All,Neoplazm
New Zealand,,,,123.6,126.7,126.1,127.5,132.7,135.8,133.3,134.3,141.5,142.6,143.4,148.0,147.7 ,All,Neoplazm
Nicaragua,,,,,,,,,,,,,,,, ,All,Neoplazm
Norway,,113.9,113.7,117.7,120.4,123.3,121.8,124.8,126.3,125.4,129.2,130.7,132.1,136.1,135.6,136.9 ,All,Neoplazm
Occupied Palestinian Territory,,,,,,,,,,,,,,,, ,All,Neoplazm
Oman,,,,,,24.7,34.2,,,,,,,,, ,All,Neoplazm
Panama,,84.5,82.8,88.2,83.5,83.1,81.8,86.5,88.3,85.7,89.5,87.8,89.3,83.4,84.0,88 ,All,Neoplazm
Paraguay,,81.4,83.3,79.4,82.7,85.6,83.1,81.7,82.0,82.8,81.8,78.8,76.7,77.0,79.1,74.6 ,All,Neoplazm
Peru,,,,,,,,,,,,,,,, ,All,Neoplazm
Philippines,,,,,89.2,91.0,91.4,93.3,93.5,94.0,,,94.3,95.1,92.7,92.4 ,All,Neoplazm
Poland,,149.7,150.1,152.9,152.1,155.2,158.9,160.7,164.6,165.2,165.6,167.8,169.1,170.2,171.1,170.5 ,All,Neoplazm
Portugal,,116.4,117.9,119.3,120.8,120.4,121.0,121.2,121.1,,,,126.6,126.8,126.5,126.9 ,All,Neoplazm
Puerto Rico,,92.8,91.7,95.4,95.0,93.9,93.5,93.9,93.3,91.7,93.3,93.7,93.2,92.9,94.6,96.6 ,All,Neoplazm
Qatar,,49.8,47.1,50.9,48.5,57.0,54.3,57.4,58.0,62.5,71.9,60.5,,,66.5, ,All,Neoplazm
Republic of Korea,,,105.3,107.9,109.4,114.7,115.9,119.5,122.3,123.8,127.7,131.1,134.2,137.9,135.0,136.9 ,All,Neoplazm
Republic of Moldova,130.0,128.7,127.6,128.3,128.2,130.6,132.5,130.3,128.1,131.6,127.7,125.2,123.5,122.3,119.0,116.9 ,All,Neoplazm
Reunion,,,98.4,113.7,105.9,112.8,114.2,122.7,117.8,123.0,136.0,127.8,131.6,127.2,127.6, ,All,Neoplazm
Rodrigues,,,,,,,,,,,,,,,, ,All,Neoplazm
Romania,136.4,136.2,136.3,141.3,140.8,139.9,141.4,140.6,139.7,141.1,140.8,138.9,139.9,139.6,137.7,134.9 ,All,Neoplazm
Russian Federation,,,,,135.6,137.7,140.9,139.7,140.3,140.5,142.5,144.4,145.0,146.6,148.2,151.4 ,All,Neoplazm
Saint Kitts and Nevis,,,,,,,,,,,,,,,, ,All,Neoplazm
Saint Lucia,,,,,,,,,,,,,,,, ,All,Neoplazm
Saint Pierre and Miquelon,,,,,,,,,,,,,,,, ,All,Neoplazm
Saint Vincent and Grenadines,,,,,,,,,,,,,,,, ,All,Neoplazm
San Marino,,,,,,,,,,,,,,,, ,All,Neoplazm
Sao Tome and Principe,,,,,,,,,,,,,,,, ,All,Neoplazm
Saudi Arabia,,,,,,,,,,,,,,,, ,All,Neoplazm
Serbia,,156.2,156.0,158.2,157.7,162.8,162.1,160.1,159.3,159.2,157.2,153.9,151.9,150.9,147.4,148.7 ,All,Neoplazm
Seychelles,,,,,,,,,,,,,,,, ,All,Neoplazm
Singapore,99.8,100.7,107.0,107.5,108.2,105.8,109.6,116.8,115.6,113.4,108.9,114.7,117.1,129.9,132.8,136.9 ,All,Neoplazm
Slovakia,,155.2,156.9,154.0,,152.1,152.5,155.5,157.9,157.3,162.1,162.3,164.8,165.6,174.1,175 ,All,Neoplazm
Slovenia,142.0,,144.7,142.7,146.2,150.1,152.5,155.1,156.6,152.7,152.8,154.7,158.5,159.8,158.7,158.8 ,All,Neoplazm
South Africa,,101.9,100.6,103.6,104.3,104.6,106.7,109.4,109.1,110.5,114.5,116.8,118.9,119.7,, ,All,Neoplazm
Spain,,112.6,115.6,118.0,120.0,120.3,120.7,122.0,124.0,125.3,126.6,130.0,132.4,132.9,135.9,135.3 ,All,Neoplazm
Sri Lanka,,,,,,,,,,56.6,,,49.0,47.8,49.4,49.2 ,All,Neoplazm
Suriname,,,,,,,,,,,,,,,, ,All,Neoplazm
Sweden,107.4,108.2,109.1,110.6,110.8,110.6,113.4,115.1,116.8,119.6,121.2,122.0,122.7,121.7,124.4,123.8 ,All,Neoplazm
Switzerland,,,103.4,105.0,107.4,108.0,108.9,110.6,114.2,113.8,114.4,117.1,119.0,118.6,123.4,126.6 ,All,Neoplazm
Syrian Arab Republic,,,,,,,,,,,,,,,, ,All,Neoplazm
Tajikistan,,,,,,,,,,,,,,,, ,All,Neoplazm
TFYR Macedonia,,,124.0,127.8,125.3,132.7,135.3,131.3,133.3,132.3,126.6,128.1,132.7,131.0,130.0,132.1 ,All,Neoplazm
Thailand,,90.2,90.4,87.7,87.2,85.7,85.3,86.4,85.0,76.3,76.7,79.3,80.5,79.8,,68.6 ,All,Neoplazm
Trinidad and Tobago,,,,,,119.2,108.7,113.7,114.0,111.6,116.9,119.1,118.8,117.4,115.0,116.2 ,All,Neoplazm
Tunisia,,,,,,,,,,,,,,,, ,All,Neoplazm
Turkey,,,103.9,97.5,98.0,96.4,93.5,,,,,,,,, ,All,Neoplazm
Turkmenistan,,67.8,67.6,70.7,72.0,78.6,73.2,63.4,65.6,62.9,62.9,66.4,64.5,68.4,69.3,70.7 ,All,Neoplazm
Turks and Caicos Islands,,,,,,,,,,,,,,,, ,All,Neoplazm
Ukraine,,120.3,,127.0,122.7,123.6,123.7,124.4,125.6,126.5,128.7,128.9,129.9,132.0,133.6,136.8 ,All,Neoplazm
United Arab Emirates,,,,,,60.1,59.0,58.9,70.1,55.2,60.8,,,,, ,All,Neoplazm
United Kingdom,,,128.9,131.2,131.6,132.6,134.2,137.1,138.8,139.9,140.9,142.9,145.7,148.4,149.6,146.9 ,All,Neoplazm
United States of America,,112.5,113.9,116.2,117.7,120.1,121.6,123.8,125.5,127.5,129.6,131.1,134.1,136.5,138.5,141 ,All,Neoplazm
Uruguay,,146.0,145.2,143.5,,147.5,146.5,151.5,153.7,152.6,155.6,156.1,160.2,160.5,158.2,162.9 ,All,Neoplazm
Uzbekistan,,56.6,54.2,54.0,54.6,52.3,52.8,,,,61.6,61.0,62.4,63.2,64.0,67.3 ,All,Neoplazm
Venezuela (Bolivarian Republic of),,,105.4,107.6,108.6,107.3,105.9,107.1,107.6,107.2,108.6,108.2,109.9,108.1,108.4,109 ,All,Neoplazm
Virgin Islands (USA),,,,,,,,,,,,,,,, ,All,Neoplazm
Zimbabwe,,,,,,,,,,,,,,,, ,All,Neoplazm
Albania,,,,,,39.8,52.2,55.8,51.1,64.0,62.0,68.1,73.5,66.3,59.5,69.3 ,Female,Neoplazm
Anguilla,,,,,,,,,,,,,,,, ,Female,Neoplazm
Antigua and Barbuda,,,,,,,,,,,,,,,, ,Female,Neoplazm
Argentina,,101.3,101.1,100.6,99.6,101.5,102.0,101.8,104.3,104.4,106.4,106.6,107.7,106.9,107.9,108.8 ,Female,Neoplazm
Armenia,116.3,109.1,112.7,116.6,120.8,121.9,112.5,111.8,,118.0,,,100.1,96.8,82.9,80.8 ,Female,Neoplazm
Aruba,,,,,,,,,,,,,,,, ,Female,Neoplazm
Australia,,90.0,90.7,90.9,93.9,94.1,94.8,97.8,96.1,99.7,,101.1,102.3,105.0,104.8,104.8 ,Female,Neoplazm
Austria,,98.3,95.4,100.5,99.2,98.9,98.9,100.8,100.1,100.7,104.5,106.8,107.9,105.5,107.2,111.6 ,Female,Neoplazm
Azerbaijan,,,,,,,,,54.6,,,73.8,74.9,72.1,68.2,63.3 ,Female,Neoplazm
Bahamas,,,,,,,,,,,,,,,, ,Female,Neoplazm
Bahrain,,46.7,45.8,44.7,52.9,45.8,45.4,56.7,47.5,63.3,73.4,76.2,80.8,71.0,70.5,91.8 ,Female,Neoplazm
Barbados,,,,,,,,,,,,,,,, ,Female,Neoplazm
Belarus,,78.7,81.1,,84.0,86.0,83.2,86.5,86.4,,,,88.0,91.8,93.8,94.4 ,Female,Neoplazm
Belgium,,,99.1,98.5,102.1,101.3,103.0,103.4,104.7,102.3,103.8,104.0,105.6,108.4,108.3,108.8 ,Female,Neoplazm
Belize,,,,,,,,,,,,,,,, ,Female,Neoplazm
Bermuda,,,,,,,,,,,,,,,, ,Female,Neoplazm
Bolivia,,,,,,,,,,,,,,,, ,Female,Neoplazm
Bosnia and Herzegovina,,92.0,,,90.2,,,,,,,,,,, ,Female,Neoplazm
Brazil,,84.4,84.7,85.7,85.2,85.3,85.1,85.6,85.6,86.0,84.1,83.3,83.0,82.9,83.6,83.5 ,Female,Neoplazm
British Virgin Islands,,,,,,,,,,,,,,,, ,Female,Neoplazm
Brunei Darussalam,,,,,,,,,,,,,,,, ,Female,Neoplazm
Bulgaria,,,93.2,97.0,92.5,90.5,93.1,100.3,100.1,98.7,102.4,91.6,89.0,92.7,90.9,92.4 ,Female,Neoplazm
Canada,,,,105.6,106.0,107.8,109.4,111.9,112.9,113.4,115.3,118.0,119.1,120.4,119.6,120.9 ,Female,Neoplazm
Cabo Verde,,,,,,,,,,,,,,,, ,Female,Neoplazm
Cayman Islands,,,,,,,,,,,,,,,, ,Female,Neoplazm
Chile,,94.3,97.7,100.3,100.0,99.7,102.6,99.9,101.8,105.9,107.9,108.6,111.6,112.6,112.5,115.2 ,Female,Neoplazm
Colombia,,,85.7,86.8,84.2,89.6,90.0,90.6,92.1,91.9,93.0,95.7,98.0,97.3,95.3,97.6 ,Female,Neoplazm
Costa Rica,,80.7,81.7,84.6,81.5,88.3,78.8,77.1,74.8,85.5,86.3,89.8,91.4,85.7,94.2,91.2 ,Female,Neoplazm
Croatia,117.1,118.5,119.6,118.3,118.9,119.2,115.7,118.1,112.0,114.5,114.9,113.2,114.3,116.9,114.1,131.8 ,Female,Neoplazm
Cuba,,110.6,110.6,109.6,109.8,113.5,113.2,116.2,113.8,112.7,110.4,110.0,114.0,110.2,111.9,109 ,Female,Neoplazm
Cyprus,,,73.3,71.0,74.6,71.0,77.3,76.7,81.4,75.0,77.9,71.8,,,,27.7 ,Female,Neoplazm
Czech Republic,103.7,106.1,107.5,110.9,112.4,114.5,115.3,119.0,120.3,126.4,127.4,132.5,136.2,134.7,137.4,137.3 ,Female,Neoplazm
Denmark,,119.9,121.6,128.2,126.0,132.2,131.2,137.2,139.0,142.6,144.8,142.3,145.0,148.5,155.5,155.4 ,Female,Neoplazm
Dominica,,,,,,,,,,,,,,,, ,Female,Neoplazm
Dominican Republic,,,,,,,,,,,,,,,, ,Female,Neoplazm
Ecuador,,74.2,74.5,76.7,76.0,77.0,77.9,76.5,78.0,79.3,77.8,74.2,73.3,74.4,79.4,80.6 ,Female,Neoplazm
Egypt,,53.3,45.9,44.5,43.8,43.7,42.1,67.9,72.7,77.2,68.5,66.2,39.9,38.3,35.8,31.8 ,Female,Neoplazm
El Salvador,,,68.2,66.0,65.7,67.1,68.9,71.1,73.3,72.8,77.2,76.6,76.5,78.1,79.1,78.3 ,Female,Neoplazm
Estonia,,105.4,101.1,103.6,105.3,99.9,106.3,105.0,105.6,111.5,106.6,110.1,106.5,111.2,111.8,116.5 ,Female,Neoplazm
Falkland Islands (Malvinas),,,,,,,,,,,,,,,, ,Female,Neoplazm
Fiji,,,,116.1,122.6,,120.8,120.3,119.2,109.2,105.0,94.3,97.3,75.0,68.6, ,Female,Neoplazm
Finland,,84.6,87.7,88.3,88.3,89.8,86.9,89.3,89.1,89.1,92.3,92.0,93.7,93.3,96.5,98.7 ,Female,Neoplazm
France,,,88.1,90.0,90.5,92.0,93.6,94.4,93.0,95.3,97.4,97.8,99.6,100.1,99.6,100.1 ,Female,Neoplazm
French Guiana,,,,,,,,,,,,,,,, ,Female,Neoplazm
Georgia,,76.2,55.5,58.9,56.6,34.6,65.8,,55.8,62.1,62.1,77.4,,,64.3,63.6 ,Female,Neoplazm
Germany,,97.7,100.0,99.1,101.1,100.7,101.3,102.7,102.1,103.6,105.7,106.7,108.2,110.3,110.7,113.8 ,Female,Neoplazm
Greece,,,84.2,83.1,81.1,83.9,83.8,86.6,87.3,85.1,87.2,88.3,87.0,89.7,89.7,88.5 ,Female,Neoplazm
Grenada,,,,,,,,,,,,,,,, ,Female,Neoplazm
Guadeloupe,,,,,,,,,,,,,,,, ,Female,Neoplazm
Guatemala,,80.1,82.1,85.7,83.2,88.6,88.8,84.3,86.7,89.9,85.7,90.5,90.6,88.7,82.4,87.2 ,Female,Neoplazm
Guyana,,,,92.2,101.1,84.9,82.0,90.9,94.3,79.4,88.6,86.2,83.7,83.7,99.1, ,Female,Neoplazm
Haiti,,,,,,,,,,,,,,,, ,Female,Neoplazm
Honduras,,,,,,,,,,,,,,,, ,Female,Neoplazm
Hong Kong SAR,,,80.6,79.6,81.6,82.6,85.1,83.5,82.8,85.1,90.5,90.1,88.9,94.5,94.7,97.3 ,Female,Neoplazm
Hungary,,137.6,137.9,139.3,139.6,137.4,140.5,139.2,140.5,138.5,140.0,148.0,151.2,148.9,151.0,158 ,Female,Neoplazm
Iceland,,,,,,,,,,,,,,,, ,Female,Neoplazm
Iraq,,,,,,,,,,,,,,,, ,Female,Neoplazm
Ireland,,,115.4,114.9,118.8,113.1,117.9,124.4,122.1,125.0,126.0,125.6,126.1,123.4,132.7,136.4 ,Female,Neoplazm
Israel,,93.2,94.2,95.1,94.7,100.1,98.4,104.2,105.0,104.9,107.4,105.6,113.0,112.2,113.2,115.4 ,Female,Neoplazm
Italy,,,,96.1,96.5,95.9,97.7,97.9,99.0,98.5,,,103.5,103.2,106.0,106.5 ,Female,Neoplazm
Jamaica,,,,,107.8,103.7,101.7,,,90.1,93.1,100.3,91.0,86.3,101.5,102 ,Female,Neoplazm
Japan,,75.4,75.8,76.3,77.6,77.9,77.9,79.6,80.0,81.3,82.4,84.1,83.1,84.5,86.7,87.7 ,Female,Neoplazm
Jordan,,,,,,,,,,,,,,,, ,Female,Neoplazm
Kazakhstan,78.9,79.3,85.2,90.2,89.6,94.1,93.2,95.9,96.5,100.9,102.0,103.4,107.0,109.8,110.7,111.6 ,Female,Neoplazm
Kiribati,,,,,,,,,,,,,,,, ,Female,Neoplazm
Kuwait,,60.6,57.2,73.1,57.6,67.2,75.0,64.9,66.7,88.2,90.6,76.7,85.9,71.8,72.7,83.1 ,Female,Neoplazm
Kyrgyzstan,80.3,77.5,76.0,72.1,74.5,73.3,73.6,73.4,70.6,75.4,72.6,75.9,78.5,75.0,73.0,77.3 ,Female,Neoplazm
Latvia,,108.6,108.9,109.7,110.7,117.2,116.1,108.9,112.9,117.4,110.2,110.1,112.0,111.0,113.3,111.1 ,Female,Neoplazm
Lithuania,104.4,98.5,100.8,101.4,106.2,102.9,105.4,113.6,106.0,105.7,110.1,110.0,111.9,112.4,112.8,113.3 ,Female,Neoplazm
Luxembourg,,,,,,,,,,,,,,,, ,Female,Neoplazm
Macau,,,,,,,,,,,,,,,, ,Female,Neoplazm
Malaysia,,,,,,,,,,,,,,,, ,Female,Neoplazm
Maldives,,,,,,,,,,,,,,,, ,Female,Neoplazm
Malta,,,,,,,,,,,,,,,, ,Female,Neoplazm
Martinique,,,,,,,,,,,,,,,, ,Female,Neoplazm
Mauritius,,72.8,77.8,74.5,69.2,72.2,77.4,78.5,69.3,73.8,74.2,79.8,79.5,73.6,78.7,72.5 ,Female,Neoplazm
Mayotte,,,,,,,,,,,,,,,, ,Female,Neoplazm
Mexico,,74.2,72.1,74.2,75.0,75.7,76.5,78.2,77.7,80.1,80.9,81.2,81.4,81.9,81.8,82.9 ,Female,Neoplazm
Monaco,,,,,,,,,,,,,,,, ,Female,Neoplazm
Mongolia,,,,,,,,,,,,,,,, ,Female,Neoplazm
Montenegro,,,,,,,80.7,76.2,83.2,87.9,95.9,89.0,87.0,96.0,88.8,83.3 ,Female,Neoplazm
Montserrat,,,,,,,,,,,,,,,, ,Female,Neoplazm
Morocco,,,,,,,,,,,,,,,, ,Female,Neoplazm
Netherlands,114.3,116.4,115.4,118.7,121.7,119.3,119.0,122.3,119.4,121.8,123.4,124.6,124.5,126.2,124.2,125.3 ,Female,Neoplazm
Netherlands Antilles,,,,,,,,,,,,,,,, ,Female,Neoplazm
New Zealand,,,,109.2,113.4,111.7,113.2,115.7,118.1,119.7,117.2,124.4,122.8,122.9,126.7,124.4 ,Female,Neoplazm
Nicaragua,,,,,,,,,,,,,,,, ,Female,Neoplazm
Norway,,99.2,98.3,102.1,102.8,106.4,104.1,107.5,108.7,108.0,110.7,111.5,112.5,115.6,116.3,116 ,Female,Neoplazm
Occupied Palestinian Territory,,,,,,,,,,,,,,,, ,Female,Neoplazm
Oman,,,,,,21.8,31.0,,,,,,,,, ,Female,Neoplazm
Panama,,76.4,74.6,76.8,77.4,72.6,71.5,75.3,76.1,75.6,78.9,81.6,76.8,70.1,72.9,74.5 ,Female,Neoplazm
Paraguay,,74.9,77.4,74.1,76.9,78.2,74.6,75.0,76.7,77.9,76.9,71.9,72.2,73.5,72.9,67.3 ,Female,Neoplazm
Peru,,,,,,,,,,,,,,,, ,Female,Neoplazm
Philippines,,,,,79.8,80.6,80.1,81.2,80.8,80.7,,,80.7,81.1,78.3,77.5 ,Female,Neoplazm
Poland,,115.8,115.3,116.7,115.2,117.1,119.0,119.9,122.5,122.6,122.8,122.6,125.2,124.0,125.6,125.9 ,Female,Neoplazm
Portugal,,81.0,81.2,83.4,85.2,83.8,86.3,84.9,85.8,,,,89.9,91.6,92.4,92.4 ,Female,Neoplazm
Puerto Rico,,73.9,74.3,76.4,75.2,74.1,73.6,74.6,73.5,73.1,74.7,75.4,77.0,72.9,72.4,76.4 ,Female,Neoplazm
Qatar,,71.4,66.8,65.7,58.6,75.3,68.3,73.6,61.4,74.0,68.7,67.6,,,69.2, ,Female,Neoplazm
Republic of Korea,,,69.2,69.6,71.1,74.3,75.2,76.0,78.1,78.0,81.9,82.6,85.4,86.3,85.0,85.6 ,Female,Neoplazm
Republic of Moldova,94.8,95.2,93.7,92.4,97.3,97.7,99.8,100.9,99.7,100.5,96.0,93.8,97.0,93.4,91.6,90.7 ,Female,Neoplazm
Reunion,,,66.5,81.2,73.1,77.4,70.4,82.5,84.2,83.4,90.9,83.3,86.7,81.6,81.3, ,Female,Neoplazm
Rodrigues,,,,,,,,,,,,,,,, ,Female,Neoplazm
Romania,98.1,97.0,98.6,100.3,100.9,100.1,101.8,101.3,102.4,105.2,104.4,103.5,104.9,105.0,103.8,103.3 ,Female,Neoplazm
Russian Federation,,,,,101.2,102.9,104.8,103.9,103.9,104.0,104.8,106.3,106.3,106.6,107.9,109.5 ,Female,Neoplazm
Saint Kitts and Nevis,,,,,,,,,,,,,,,, ,Female,Neoplazm
Saint Lucia,,,,,,,,,,,,,,,, ,Female,Neoplazm
Saint Pierre and Miquelon,,,,,,,,,,,,,,,, ,Female,Neoplazm
Saint Vincent and Grenadines,,,,,,,,,,,,,,,, ,Female,Neoplazm
San Marino,,,,,,,,,,,,,,,, ,Female,Neoplazm
Sao Tome and Principe,,,,,,,,,,,,,,,, ,Female,Neoplazm
Saudi Arabia,,,,,,,,,,,,,,,, ,Female,Neoplazm
Serbia,,124.4,122.9,125.8,123.0,127.6,127.7,125.7,123.8,125.5,124.6,122.3,120.7,118.7,117.5,118.4 ,Female,Neoplazm
Seychelles,,,,,,,,,,,,,,,, ,Female,Neoplazm
Singapore,83.0,82.4,87.6,89.4,90.1,85.8,88.6,94.5,93.2,92.6,89.7,91.1,89.9,104.1,105.7,104.8 ,Female,Neoplazm
Slovakia,,115.5,112.9,112.8,,108.0,111.7,112.0,113.3,111.2,114.1,113.9,115.0,115.6,120.3,122.2 ,Female,Neoplazm
Slovenia,108.6,,110.1,108.1,109.9,112.4,112.7,117.2,113.4,112.8,116.2,115.3,118.6,115.7,117.6,116.8 ,Female,Neoplazm
South Africa,,85.1,83.2,85.5,86.9,86.5,88.8,93.8,90.8,93.0,96.3,96.6,99.2,99.3,, ,Female,Neoplazm
Spain,,77.8,80.0,80.2,81.7,81.1,81.0,81.8,82.0,82.9,83.2,84.7,86.7,87.0,88.8,88.8 ,Female,Neoplazm
Sri Lanka,,,,,,,,,,48.5,,,42.0,41.6,43.3,44.4 ,Female,Neoplazm
Suriname,,,,,,,,,,,,,,,, ,Female,Neoplazm
Sweden,96.2,97.4,99.7,99.7,99.3,99.3,101.5,103.6,105.7,106.7,107.7,109.6,107.7,108.5,111.3,110 ,Female,Neoplazm
Switzerland,,,84.3,86.4,86.1,87.5,89.0,87.8,92.5,92.0,89.8,93.3,94.5,95.0,95.0,99.7 ,Female,Neoplazm
Syrian Arab Republic,,,,,,,,,,,,,,,, ,Female,Neoplazm
Tajikistan,,,,,,,,,,,,,,,, ,Female,Neoplazm
TFYR Macedonia,,,93.8,94.8,91.4,100.5,101.1,97.7,102.4,100.4,94.5,98.0,98.2,93.3,97.0,102 ,Female,Neoplazm
Thailand,,70.8,70.6,67.8,67.4,66.4,65.5,67.2,65.7,60.4,60.2,63.1,63.4,62.5,,54.2 ,Female,Neoplazm
Trinidad and Tobago,,,,,,100.0,90.9,98.4,96.6,94.7,96.0,100.4,94.8,95.7,95.2,98.8 ,Female,Neoplazm
Tunisia,,,,,,,,,,,,,,,, ,Female,Neoplazm
Turkey,,,66.2,62.8,63.2,61.7,59.8,,,,,,,,, ,Female,Neoplazm
Turkmenistan,,60.7,62.4,64.2,61.9,68.3,62.0,58.4,60.8,55.4,54.8,58.0,56.6,57.3,58.9,57.7 ,Female,Neoplazm
Turks and Caicos Islands,,,,,,,,,,,,,,,, ,Female,Neoplazm
Ukraine,,89.3,,94.4,91.1,92.6,92.6,93.0,93.2,93.6,94.4,94.9,95.3,96.3,97.3,99.3 ,Female,Neoplazm
United Arab Emirates,,,,,,85.8,72.3,71.9,77.2,70.2,76.6,,,,, ,Female,Neoplazm
United Kingdom,,,112.2,114.6,114.3,115.1,115.9,119.0,120.3,120.3,122.2,122.7,125.1,126.8,128.3,126.9 ,Female,Neoplazm
United States of America,,98.0,98.9,100.8,101.9,103.7,105.0,106.6,107.7,109.7,110.9,112.3,114.7,116.4,117.8,119.9 ,Female,Neoplazm
Uruguay,,112.6,111.1,107.3,,111.2,109.6,118.6,112.6,113.5,117.3,116.9,118.9,121.2,118.2,121.8 ,Female,Neoplazm
Uzbekistan,,51.9,50.6,49.6,49.7,47.8,48.6,,,,56.3,56.2,56.3,56.1,56.7,59.8 ,Female,Neoplazm
Venezuela (Bolivarian Republic of),,,94.8,96.6,96.4,94.2,94.2,94.7,95.4,95.6,98.8,97.3,100.5,100.1,98.4,98.7 ,Female,Neoplazm
Virgin Islands (USA),,,,,,,,,,,,,,,, ,Female,Neoplazm
Zimbabwe,,,,,,,,,,,,,,,, ,Female,Neoplazm
Albania,,,,,,74.6,100.2,107.8,99.7,114.3,119.1,127.4,134.9,126.6,112.4,146.9 ,Male,Neoplazm
Anguilla,,,,,,,,,,,,,,,, ,Male,Neoplazm
Antigua and Barbuda,,,,,,,,,,,,,,,, ,Male,Neoplazm
Argentina,,147.1,148.8,150.5,151.3,155.1,155.5,158.6,163.4,165.3,167.7,166.3,167.7,167.7,169.9,174.9 ,Male,Neoplazm
Armenia,199.1,191.4,181.9,185.8,190.1,195.0,195.7,199.5,,182.7,,,159.8,159.6,128.7,124.3 ,Male,Neoplazm
Aruba,,,,,,,,,,,,,,,, ,Male,Neoplazm
Australia,,131.3,136.8,137.4,143.3,145.4,144.8,150.7,148.8,155.3,,157.0,157.1,162.0,164.7,167.2 ,Male,Neoplazm
Austria,,144.9,147.9,150.5,153.1,154.4,159.5,164.1,159.4,165.6,168.2,174.0,176.9,175.3,175.4,179 ,Male,Neoplazm
Azerbaijan,,,,,,,,,87.3,,,112.6,125.6,115.2,112.3,109.3 ,Male,Neoplazm
Bahamas,,,,,,,,,,,,,,,, ,Male,Neoplazm
Bahrain,,41.0,40.0,55.4,53.0,56.6,52.8,61.5,69.5,64.8,69.8,89.0,101.3,132.8,116.0,94 ,Male,Neoplazm
Barbados,,,,,,,,,,,,,,,, ,Male,Neoplazm
Belarus,,178.0,177.3,,192.2,195.5,197.0,198.6,197.3,,,,208.5,214.5,216.5,219.2 ,Male,Neoplazm
Belgium,,,159.1,162.9,164.2,169.8,168.8,175.8,174.8,177.0,184.6,183.5,189.4,196.4,198.3,201.8 ,Male,Neoplazm
Belize,,,,,,,,,,,,,,,, ,Male,Neoplazm
Bermuda,,,,,,,,,,,,,,,, ,Male,Neoplazm
Bolivia,,,,,,,,,,,,,,,, ,Male,Neoplazm
Bosnia and Herzegovina,,159.6,,,164.1,,,,,,,,,,, ,Male,Neoplazm
Brazil,,124.3,126.3,127.0,127.8,130.6,130.0,131.4,132.2,132.5,131.6,130.0,128.9,129.8,130.6,132.4 ,Male,Neoplazm
British Virgin Islands,,,,,,,,,,,,,,,, ,Male,Neoplazm
Brunei Darussalam,,,,,,,,,,,,,,,, ,Male,Neoplazm
Bulgaria,,,175.2,173.5,162.2,163.7,168.9,178.7,176.4,174.8,175.2,162.3,157.3,157.3,154.6,149.1 ,Male,Neoplazm
Canada,,,,140.2,140.8,144.1,148.6,151.9,155.1,155.9,161.0,164.2,167.2,170.8,174.3,175.7 ,Male,Neoplazm
Cabo Verde,,,,,,,,,,,,,,,, ,Male,Neoplazm
Cayman Islands,,,,,,,,,,,,,,,, ,Male,Neoplazm
Chile,,137.1,139.0,141.4,142.3,147.0,145.4,138.1,141.6,147.4,150.9,150.6,153.5,153.3,152.2,156.6 ,Male,Neoplazm
Colombia,,,109.3,105.7,105.1,110.2,111.4,112.1,115.5,115.2,117.6,116.7,119.5,118.4,117.9,120.1 ,Male,Neoplazm
Costa Rica,,110.1,112.2,110.4,116.5,119.7,104.6,108.2,114.0,116.5,114.0,130.8,128.2,121.2,136.2,126 ,Male,Neoplazm
Croatia,222.8,222.2,225.1,227.7,230.3,228.7,231.3,232.7,232.8,233.3,237.3,234.7,241.6,235.9,238.2,281 ,Male,Neoplazm
Cuba,,160.0,156.9,162.3,158.8,166.4,163.9,165.2,162.8,163.1,164.5,164.3,160.4,158.7,153.7,154.7 ,Male,Neoplazm
Cyprus,,,120.6,121.8,112.8,113.4,117.4,116.7,116.3,110.8,114.6,125.0,,,,48.9 ,Male,Neoplazm
Czech Republic,170.6,177.0,180.1,184.5,188.8,202.4,204.3,207.2,210.5,218.1,225.6,239.5,243.8,245.4,240.3,249.2 ,Male,Neoplazm
Denmark,,157.2,159.8,165.7,167.7,170.9,169.3,174.6,176.5,190.0,187.4,192.9,189.3,190.9,198.3,203.8 ,Male,Neoplazm
Dominica,,,,,,,,,,,,,,,, ,Male,Neoplazm
Dominican Republic,,,,,,,,,,,,,,,, ,Male,Neoplazm
Ecuador,,78.7,79.3,84.8,84.3,85.3,82.9,85.3,83.3,83.6,81.5,81.6,77.3,78.9,81.9,84.6 ,Male,Neoplazm
Egypt,,68.4,63.9,61.5,63.3,63.2,61.9,86.2,97.0,99.7,89.5,87.8,60.9,57.4,54.1,48.8 ,Male,Neoplazm
El Salvador,,,64.5,62.6,67.3,63.0,65.7,66.2,68.8,70.6,71.3,69.1,71.3,71.0,71.9,70.8 ,Male,Neoplazm
Estonia,,213.0,208.8,213.5,212.7,219.1,216.5,219.0,226.1,228.7,232.0,229.7,223.7,228.3,221.9,224.4 ,Male,Neoplazm
Falkland Islands (Malvinas),,,,,,,,,,,,,,,, ,Male,Neoplazm
Fiji,,,,85.2,103.6,,83.6,86.0,100.3,90.2,84.1,72.6,56.3,52.6,58.9, ,Male,Neoplazm
Finland,,124.7,127.5,129.2,131.0,135.3,133.0,133.2,137.3,142.5,142.1,146.0,147.2,150.2,154.5,153.6 ,Male,Neoplazm
France,,,162.3,167.0,171.0,175.8,180.6,182.6,187.4,190.9,196.5,197.9,203.8,207.7,210.4,213 ,Male,Neoplazm
French Guiana,,,,,,,,,,,,,,,, ,Male,Neoplazm
Georgia,,133.8,99.2,104.8,95.4,57.3,104.3,,96.7,103.7,95.1,117.7,,,93.1,98.2 ,Male,Neoplazm
Germany,,149.3,153.3,150.0,153.2,155.0,157.0,160.4,160.6,163.8,167.5,170.5,175.2,177.8,179.4,186.6 ,Male,Neoplazm
Greece,,,159.1,158.7,150.9,151.0,158.2,160.1,161.2,157.9,165.6,166.6,165.6,163.6,170.3,169.7 ,Male,Neoplazm
Grenada,,,,,,,,,,,,,,,, ,Male,Neoplazm
Guadeloupe,,,,,,,,,,,,,,,, ,Male,Neoplazm
Guatemala,,79.3,79.9,83.1,81.9,86.5,88.8,85.6,86.3,88.2,89.2,89.4,85.5,86.5,84.6,85.4 ,Male,Neoplazm
Guyana,,,,88.2,108.7,111.2,84.6,107.9,97.0,96.4,116.5,103.9,109.8,90.9,106.9, ,Male,Neoplazm
Haiti,,,,,,,,,,,,,,,, ,Male,Neoplazm
Honduras,,,,,,,,,,,,,,,, ,Male,Neoplazm
Hong Kong SAR,,,136.2,141.0,146.2,148.8,151.3,154.1,160.7,161.8,169.9,168.7,173.2,177.1,182.4,184.6 ,Male,Neoplazm
Hungary,,239.7,244.1,254.0,254.4,258.7,264.3,262.9,266.5,267.5,265.9,285.9,287.9,288.6,291.2,305.4 ,Male,Neoplazm
Iceland,,,,,,,,,,,,,,,, ,Male,Neoplazm
Iraq,,,,,,,,,,,,,,,, ,Male,Neoplazm
Ireland,,,154.4,156.8,163.0,152.9,174.4,168.1,168.3,172.0,166.8,178.5,176.0,183.0,185.4,191.6 ,Male,Neoplazm
Israel,,118.1,118.7,123.5,121.4,127.2,125.4,130.9,133.3,132.7,136.9,137.5,143.8,145.6,144.8,146.5 ,Male,Neoplazm
Italy,,,,161.5,163.8,164.2,168.0,170.8,174.2,177.4,,,189.5,189.1,196.0,195.7 ,Male,Neoplazm
Jamaica,,,,,137.2,133.6,138.3,,,132.1,134.1,133.5,133.2,123.7,130.1,144.2 ,Male,Neoplazm
Japan,,140.3,143.3,146.0,148.9,151.3,152.0,156.7,158.9,160.7,164.2,167.7,167.6,170.4,174.1,177.7 ,Male,Neoplazm
Jordan,,,,,,,,,,,,,,,, ,Male,Neoplazm
Kazakhstan,132.7,137.1,149.5,153.8,152.3,166.4,168.6,173.2,179.3,176.4,188.7,188.6,195.0,197.6,204.2,213.8 ,Male,Neoplazm
Kiribati,,,,,,,,,,,,,,,, ,Male,Neoplazm
Kuwait,,56.8,56.9,61.3,62.0,60.2,69.7,60.1,72.3,78.6,66.3,68.4,64.2,77.0,73.5,77.9 ,Male,Neoplazm
Kyrgyzstan,115.8,120.9,112.7,110.6,115.7,112.2,118.1,104.4,105.1,109.1,113.5,110.0,110.5,112.6,112.5,114.8 ,Male,Neoplazm
Latvia,,226.0,224.8,228.9,226.5,232.6,229.5,235.4,231.4,238.1,236.3,234.9,230.5,229.4,236.3,223.6 ,Male,Neoplazm
Lithuania,218.5,214.1,207.1,213.6,217.7,223.2,223.5,222.7,233.3,229.0,220.3,223.6,219.2,224.6,227.4,228.8 ,Male,Neoplazm
Luxembourg,,,,,,,,,,,,,,,, ,Male,Neoplazm
Macau,,,,,,,,,,,,,,,, ,Male,Neoplazm
Malaysia,,,,,,,,,,,,,,,, ,Male,Neoplazm
Maldives,,,,,,,,,,,,,,,, ,Male,Neoplazm
Malta,,,,,,,,,,,,,,,, ,Male,Neoplazm
Martinique,,,,,,,,,,,,,,,, ,Male,Neoplazm
Mauritius,,99.4,104.6,100.9,97.5,102.0,102.4,108.2,101.8,98.1,95.0,104.4,109.0,103.4,112.4,87.3 ,Male,Neoplazm
Mayotte,,,,,,,,,,,,,,,, ,Male,Neoplazm
Mexico,,81.9,80.8,83.8,83.7,85.6,85.7,88.8,87.1,90.0,93.2,92.1,93.7,93.3,91.1,92.6 ,Male,Neoplazm
Monaco,,,,,,,,,,,,,,,, ,Male,Neoplazm
Mongolia,,,,,,,,,,,,,,,, ,Male,Neoplazm
Montenegro,,,,,,,124.9,140.2,145.5,150.7,158.5,158.4,166.6,162.0,144.8,147.5 ,Male,Neoplazm
Montserrat,,,,,,,,,,,,,,,, ,Male,Neoplazm
Morocco,,,,,,,,,,,,,,,, ,Male,Neoplazm
Netherlands,157.7,163.2,161.4,169.2,169.4,176.2,176.0,176.8,179.7,181.7,186.1,191.2,194.1,196.9,199.2,202.9 ,Male,Neoplazm
Netherlands Antilles,,,,,,,,,,,,,,,, ,Male,Neoplazm
New Zealand,,,,142.0,144.0,144.6,146.0,155.4,160.0,151.9,157.9,165.6,170.4,172.6,178.9,180.5 ,Male,Neoplazm
Nicaragua,,,,,,,,,,,,,,,, ,Male,Neoplazm
Norway,,134.6,135.4,140.3,145.3,147.8,147.3,151.1,152.8,151.4,157.2,159.8,162.2,167.5,165.5,167.6 ,Male,Neoplazm
Occupied Palestinian Territory,,,,,,,,,,,,,,,, ,Male,Neoplazm
Oman,,,,,,29.7,39.9,,,,,,,,, ,Male,Neoplazm
Panama,,94.2,92.7,101.6,91.3,95.4,94.0,99.4,102.3,97.1,101.5,95.1,103.5,98.2,96.6,103.4 ,Male,Neoplazm
Paraguay,,89.6,90.7,86.4,90.2,95.2,93.9,90.4,89.1,90.1,88.9,87.9,83.6,82.3,87.6,84.8 ,Male,Neoplazm
Peru,,,,,,,,,,,,,,,, ,Male,Neoplazm
Philippines,,,,,104.0,107.2,108.5,111.1,111.7,113.2,,,113.2,114.3,112.3,112.6 ,Male,Neoplazm
Poland,,200.2,202.6,207.3,207.6,212.4,219.2,222.2,228.1,229.3,230.2,235.9,235.4,239.5,239.2,237.1 ,Male,Neoplazm
Portugal,,162.7,166.3,167.3,168.0,169.2,167.4,169.3,168.2,,,,175.5,174.2,172.8,174.2 ,Male,Neoplazm
Puerto Rico,,119.4,116.1,121.9,122.7,121.3,120.7,119.9,119.9,116.8,118.3,118.2,114.6,119.0,123.3,122.5 ,Male,Neoplazm
Qatar,,41.6,41.2,49.8,49.8,50.8,51.2,54.0,60.3,60.1,82.1,61.5,,,64.7, ,Male,Neoplazm
Republic of Korea,,,158.1,163.7,165.4,174.0,175.7,184.6,188.3,191.8,196.6,203.5,208.0,215.7,209.8,213.5 ,Male,Neoplazm
Republic of Moldova,179.2,175.8,175.7,179.8,172.1,176.3,178.1,172.3,168.9,176.1,172.8,171.1,161.5,164.1,157.7,154 ,Male,Neoplazm
Reunion,,,138.5,158.0,148.2,160.2,173.0,176.4,159.5,173.8,194.8,186.9,190.9,186.2,188.7, ,Male,Neoplazm
Rodrigues,,,,,,,,,,,,,,,, ,Male,Neoplazm
Romania,186.5,187.3,185.6,194.5,192.8,191.3,192.3,191.1,187.5,187.4,187.1,184.5,184.9,183.9,180.7,174.7 ,Male,Neoplazm
Russian Federation,,,,,196.9,200.2,205.6,203.7,205.1,205.7,209.8,212.1,213.9,215.8,218.0,223.5 ,Male,Neoplazm
Saint Kitts and Nevis,,,,,,,,,,,,,,,, ,Male,Neoplazm
Saint Lucia,,,,,,,,,,,,,,,, ,Male,Neoplazm
Saint Pierre and Miquelon,,,,,,,,,,,,,,,, ,Male,Neoplazm
Saint Vincent and Grenadines,,,,,,,,,,,,,,,, ,Male,Neoplazm
San Marino,,,,,,,,,,,,,,,, ,Male,Neoplazm
Sao Tome and Principe,,,,,,,,,,,,,,,, ,Male,Neoplazm
Saudi Arabia,,,,,,,,,,,,,,,, ,Male,Neoplazm
Serbia,,196.9,198.7,199.8,201.8,207.1,205.8,203.7,204.5,201.7,198.1,193.8,191.2,192.0,185.5,186.7 ,Male,Neoplazm
Seychelles,,,,,,,,,,,,,,,, ,Male,Neoplazm
Singapore,121.1,124.7,131.9,131.3,131.6,131.6,137.2,146.0,144.2,139.9,132.9,144.9,150.3,162.1,166.6,177.2 ,Male,Neoplazm
Slovakia,,214.8,222.8,215.8,,217.5,212.9,219.8,223.8,225.2,233.1,232.4,236.7,238.6,251.8,250.8 ,Male,Neoplazm
Slovenia,189.7,,194.9,193.6,200.0,205.2,211.5,211.8,221.7,212.6,209.6,216.2,223.7,228.2,224.6,227 ,Male,Neoplazm
South Africa,,135.7,133.9,137.4,136.5,138.0,138.9,134.2,139.8,139.3,143.9,148.3,149.1,150.5,, ,Male,Neoplazm
Spain,,156.6,160.8,166.0,168.9,170.4,171.3,173.4,177.7,179.4,182.5,188.3,191.4,192.5,197.3,195.6 ,Male,Neoplazm
Sri Lanka,,,,,,,,,,66.2,,,56.9,54.7,56.0,54.4 ,Male,Neoplazm
Suriname,,,,,,,,,,,,,,,, ,Male,Neoplazm
Sweden,123.2,123.4,123.0,126.5,127.4,127.4,131.0,132.4,133.7,139.0,141.8,141.6,145.4,142.2,144.9,145.6 ,Male,Neoplazm
Switzerland,,,129.2,130.7,136.9,136.7,136.9,142.3,145.0,145.3,149.1,150.8,154.4,152.9,164.3,165.9 ,Male,Neoplazm
Syrian Arab Republic,,,,,,,,,,,,,,,, ,Male,Neoplazm
Tajikistan,,,,,,,,,,,,,,,, ,Male,Neoplazm
TFYR Macedonia,,,160.5,167.6,165.6,171.0,176.2,171.2,170.4,170.1,164.1,163.2,172.3,174.2,169.1,168.3 ,Male,Neoplazm
Thailand,,113.8,114.6,112.0,111.5,109.2,109.3,109.6,108.1,94.8,95.8,97.9,100.3,100.1,,85.1 ,Male,Neoplazm
Trinidad and Tobago,,,,,,152.4,140.7,142.2,146.6,142.8,153.3,150.7,157.9,154.8,145.8,143.7 ,Male,Neoplazm
Tunisia,,,,,,,,,,,,,,,, ,Male,Neoplazm
Turkey,,,150.2,139.9,140.9,138.9,134.9,,,,,,,,, ,Male,Neoplazm
Turkmenistan,,78.3,75.8,80.7,86.7,93.7,89.0,71.0,72.9,74.0,74.8,78.1,75.5,83.6,84.4,88.3 ,Male,Neoplazm
Turks and Caicos Islands,,,,,,,,,,,,,,,, ,Male,Neoplazm
Ukraine,,171.6,,181.0,175.0,175.1,175.3,176.4,178.9,180.9,184.9,184.8,186.4,190.7,192.3,197.7 ,Male,Neoplazm
United Arab Emirates,,,,,,52.1,59.2,59.9,74.6,54.4,60.3,,,,, ,Male,Neoplazm
United Kingdom,,,151.1,153.6,154.8,156.3,159.1,162.1,164.5,167.2,167.9,172.2,175.9,179.8,181.4,177 ,Male,Neoplazm
United States of America,,131.4,133.3,136.2,138.5,142.0,143.7,146.7,150.2,152.0,155.3,157.2,161.1,164.8,168.0,171.4 ,Male,Neoplazm
Uruguay,,198.2,197.5,198.4,,203.1,202.4,201.9,213.3,209.9,213.3,213.7,219.7,217.2,216.9,222.1 ,Male,Neoplazm
Uzbekistan,,63.0,59.2,60.1,61.4,58.6,58.9,,,,68.3,67.0,69.9,72.5,73.5,77.3 ,Male,Neoplazm
Venezuela (Bolivarian Republic of),,,121.9,124.6,127.3,127.3,123.1,125.3,125.1,124.2,123.2,123.9,123.1,120.2,122.8,123.5 ,Male,Neoplazm
Virgin Islands (USA),,,,,,,,,,,,,,,, ,Male,Neoplazm
Zimbabwe,,,,,,,,,,,,,,,, ,Male,Neoplazm
