Countries,2015,2012,2009,2006,2003,2000,1997,1994,1991,1988,1985,1982,1979,Age
Albania,,,0,3,11,3,4,21,,0,,, ,1
Anguilla,,0,0,0,0,0,,0,0,0,0,, ,1
Antigua and Barbuda,,0,0,1,0,0,,0,0,0,0,, ,1
Argentina,,16,24,25,33,25,28,29,32,40,31,39,43,1
Armenia,1,1,2,1,0,0,2,1,6,5,10,7, ,1
Aruba,,0,0,0,0,0,,,,,,, ,1
Australia,,4,1,9,7,4,9,6,8,5,16,11,11,1
Austria,,1,1,0,2,1,5,2,3,3,5,7, ,1
Azerbaijan,,,,,1,3,4,11,1,6,2,7, ,1
Bahamas,,0,0,0,0,0,0,0,,,0,, ,1
Bahrain,,0,1,0,0,1,0,,,0,0,, ,1
Barbados,,0,0,2,1,0,,0,0,0,0,0,0,1
Belarus,,,5,,4,1,6,5,10,14,10,12, ,1
Belgium,,5,2,2,0,1,4,8,3,6,1,4,5,1
Belize,,0,1,0,0,1,0,0,1,,,0, ,1
Bermuda,0,0,0,0,0,0,0,0,0,0,0,, ,1
Bolivia,,,,,6,0,,,,,,, ,1
Bosnia and Herzegovina,,,,,,,,,4,9,3,, ,1
Brazil,,137,106,154,138,129,130,141,111,117,151,151,153,1
British Virgin Islands,,,0,0,0,0,0,0,0,0,0,0, ,1
Brunei Darussalam,,2,0,1,0,1,1,,,,,, ,1
Bulgaria,,3,4,1,5,1,13,6,11,7,11,9, ,1
Canada,,15,10,8,7,9,10,7,9,8,11,11,14,1
Cabo Verde,,,,,,,,,,,,, ,1
Cayman Islands,,,0,0,0,0,0,0,0,0,0,, ,1
Chile,,6,10,10,6,8,10,14,17,7,19,24, ,1
Colombia,,20,32,23,38,41,31,38,28,38,50,, ,1
Costa Rica,,2,1,1,0,1,1,2,5,10,6,6, ,1
Croatia,0,1,0,1,2,2,0,4,3,7,1,, ,1
Cuba,,11,10,4,9,16,10,4,8,8,9,7,6,1
Cyprus,,0,0,0,,0,,,,,,, ,1
Czech Republic,5,0,2,4,2,6,2,14,12,7,,, ,1
Denmark,,1,1,2,1,1,6,4,,,,, ,1
Dominica,,0,0,0,0,0,0,0,1,0,0,0,0,1
Dominican Republic,,3,1,5,3,2,1,8,8,4,4,20, ,1
Ecuador,,6,3,15,6,14,9,20,9,10,7,12,5,1
Egypt,,258,263,145,261,149,,,105,,,, ,1
El Salvador,,3,4,6,3,7,14,,10,,,0, ,1
Estonia,,1,1,1,0,0,0,1,1,2,2,4, ,1
Falkland Islands (Malvinas),,,,,,,,,,,,0,0,1
Fiji,,2,1,1,1,,,,,,,, ,1
Finland,,2,1,2,2,2,3,5,3,3,,, ,1
France,,11,20,10,13,17,27,23,22,34,40,42,34,1
French Guiana,,0,0,0,0,,,,,,,,0,1
Georgia,,2,3,0,,0,0,4,3,2,6,0, ,1
Germany,,22,23,18,16,16,27,21,23,,,, ,1
Greece,,4,5,1,2,2,2,1,2,4,8,6,11,1
Grenada,0,0,0,0,0,,,0,0,0,0,, ,1
Guadeloupe,,0,0,0,0,0,,,,,,, ,1
Guatemala,,12,18,18,32,57,27,26,23,16,,,9,1
Guyana,,0,2,1,0,,0,1,0,2,,,0,1
Haiti,,,,,2,,2,,,,,, ,1
Honduras,,5,2,,,,,,,6,,,3,1
Hong Kong SAR,,0,1,2,0,0,3,3,4,3,5,6,7,1
Hungary,,7,11,1,1,3,4,7,10,10,14,13,11,1
Iceland,0,0,0,0,0,0,0,0,0,0,0,0, ,1
Iraq,,,,,,,,,,,,, ,1
Ireland,,1,2,0,0,0,2,2,1,2,1,1,1,1
Israel,,1,1,1,2,6,1,1,2,3,2,2,8,1
Italy,,14,5,10,3,9,14,19,18,20,29,31,35,1
Jamaica,,,1,4,0,2,,,1,1,3,0, ,1
Japan,,15,18,19,17,18,33,32,27,31,55,69,71,1
Jordan,,5,3,,,,,,,,,, ,1
Kazakhstan,16,23,22,14,27,10,5,22,33,36,42,25, ,1
Kiribati,,,,,,0,0,0,0,,,, ,1
Kuwait,,2,2,1,1,1,1,2,,,1,3,7,1
Kyrgyzstan,1,1,2,1,4,2,2,10,6,13,5,5, ,1
Latvia,,0,0,1,1,0,3,0,3,2,6,5, ,1
Lithuania,1,2,2,1,2,2,3,3,5,8,3,3, ,1
Luxembourg,,0,0,0,0,0,0,0,0,1,1,0,0,1
Macau,,,,,,,,0,,,,, ,1
Malaysia,,,,14,13,16,9,,,,,, ,1
Maldives,,,,,0,0,,,,,,, ,1
Malta,,0,0,0,0,0,0,0,0,0,0,1,0,1
Martinique,,,0,0,0,0,,,,,0,1, ,1
Mauritius,,1,1,0,1,0,0,0,2,1,1,1, ,1
Mayotte,,1,,,,,,,,,,, ,1
Mexico,,57,62,73,66,83,81,37,102,126,115,108,123,1
Monaco,,,,,,,,,,,,, ,1
Mongolia,,,,,,,,1,,,,, ,1
Montenegro,,,0,1,0,1,,,,,,, ,1
Montserrat,0,0,0,0,0,0,0,0,0,,,, ,1
Morocco,,0,0,,,,,,,,,, ,1
Netherlands,4,4,7,4,4,5,8,7,5,11,8,3,12,1
Netherlands Antilles,,,,,,0,0,0,0,0,,, ,1
New Zealand,,2,4,1,3,1,1,3,1,2,1,1,5,1
Nicaragua,,2,4,2,1,2,0,2,2,4,,, ,1
Norway,,2,1,1,0,1,2,1,1,2,,, ,1
Occupied Palestinian Territory,,1,4,,,,,,,,,, ,1
Oman,,,2,,,,,,,,,, ,1
Panama,,0,1,0,4,3,4,,,3,1,1,1,1
Paraguay,,1,18,4,5,4,7,2,4,0,1,2,4,1
Peru,,17,20,15,21,27,8,21,11,21,,9, ,1
Philippines,,,20,64,65,83,66,71,,,,, ,1
Poland,,6,15,10,10,16,,25,28,43,40,53, ,1
Portugal,,2,1,,3,2,6,7,6,8,9,15, ,1
Puerto Rico,,2,0,0,1,0,0,1,2,1,3,0,1,1
Qatar,,0,0,0,,,,,,,,, ,1
Republic of Korea,,15,16,21,13,25,35,36,31,40,54,, ,1
Republic of Moldova,2,4,4,0,2,0,2,5,4,15,4,6, ,1
Reunion,,0,0,1,0,,,,,,,, ,1
Rodrigues,,0,0,0,,,,,,,,, ,1
Romania,8,7,14,12,13,14,14,20,18,33,26,30, ,1
Russian Federation,,,100,86,83,91,93,100,143,211,176,170, ,1
Saint Kitts and Nevis,,0,0,0,0,0,0,0,0,0,,, ,1
Saint Lucia,,1,0,0,0,0,0,0,0,0,,,0,1
Saint Pierre and Miquelon,,,0,0,,,,,,,,, ,1
Saint Vincent and Grenadines,1,0,0,0,0,1,0,,,,0,0, ,1
San Marino,0,,,,,0,0,,,,,, ,1
Sao Tome and Principe,,,,,,,,,,,0,, ,1
Saudi Arabia,,3,13,,,,,,,,,, ,1
Serbia,,4,3,1,4,1,,,,,,, ,1
Seychelles,,0,1,0,0,,,,,,0,, ,1
Singapore,1,0,0,0,0,0,2,1,2,2,6,1,2,1
Slovakia,,2,4,4,3,2,8,3,,,,, ,1
Slovenia,1,0,0,0,0,0,1,0,0,0,0,, ,1
South Africa,,27,25,19,28,26,25,17,,,,, ,1
Spain,,9,11,12,14,4,10,13,17,14,14,17, ,1
Sri Lanka,,,,11,7,8,13,,,,10,20, ,1
Suriname,,0,1,0,0,0,0,,0,0,0,0,0,1
Sweden,3,3,2,3,4,2,5,2,3,3,,, ,1
Switzerland,,0,2,3,5,1,3,,,,,, ,1
Syrian Arab Republic,,,14,17,19,47,,,,,9,, ,1
Tajikistan,,,,,3,1,1,4,6,12,11,2, ,1
TFYR Macedonia,,0,1,0,1,0,2,0,2,,,, ,1
Thailand,,27,28,21,19,15,12,11,11,,18,27,24,1
Trinidad and Tobago,,,1,1,0,1,1,2,2,1,3,1,2,1
Tunisia,,,6,,,,,,,,,, ,1
Turkey,,27,71,,,,,,,,,, ,1
Turkmenistan,,5,12,3,8,5,11,8,15,14,14,6, ,1
Turks and Caicos Islands,,,0,0,0,0,0,0,0,0,0,, ,1
Ukraine,,31,35,43,28,36,55,65,66,80,79,73, ,1
United Arab Emirates,,,,,,,,,,,,, ,1
United Kingdom,,11,12,17,12,5,18,26,25,25,26,30,26,1
United States of America,,64,73,76,75,92,91,59,77,89,114,135,116,1
Uruguay,,3,0,0,19,1,5,1,,2,1,3, ,1
Uzbekistan,,21,14,,16,9,15,15,160,36,35,28, ,1
Venezuela (Bolivarian Republic of),,27,18,18,22,12,21,21,,15,15,13,12,1
Virgin Islands (USA),,0,0,0,0,0,0,,,,,, ,1
Zimbabwe,,,,,,,,,,,,, ,1
Albania,,,6,10,14,15,10,18,,37,,, ,1-4
Anguilla,,0,0,0,0,0,,0,0,0,0,, ,1-4
Antigua and Barbuda,,0,1,0,0,1,,0,0,0,0,, ,1-4
Argentina,,97,109,110,77,123,146,135,146,135,151,176,177,1-4
Armenia,11,6,6,6,9,9,11,23,12,21,23,29, ,1-4
Aruba,,0,0,0,1,0,,,,,,, ,1-4
Australia,,27,21,29,24,26,36,44,27,35,44,50,52,1-4
Austria,,7,7,6,3,8,7,15,15,10,16,11, ,1-4
Azerbaijan,,,,,39,39,35,47,62,76,75,78, ,1-4
Bahamas,,2,1,0,1,0,1,0,,,2,, ,1-4
Bahrain,,2,0,3,1,2,2,,,0,1,, ,1-4
Barbados,,0,1,3,1,1,,1,3,0,1,0,0,1-4
Belarus,,,21,,13,20,11,30,54,80,63,55, ,1-4
Belgium,,10,8,10,5,15,23,13,24,22,22,26,31,1-4
Belize,,1,2,1,0,2,2,0,1,,,0, ,1-4
Bermuda,0,0,0,0,0,0,0,0,0,0,1,, ,1-4
Bolivia,,,,,6,6,,,,,,, ,1-4
Bosnia and Herzegovina,,,,,,,,,7,28,17,, ,1-4
Brazil,,599,580,593,641,641,586,533,581,612,646,667,562,1-4
British Virgin Islands,,,0,0,0,0,0,0,0,0,0,0, ,1-4
Brunei Darussalam,,0,0,3,0,3,1,,,,,, ,1-4
Bulgaria,,10,16,16,9,11,20,28,33,45,48,54, ,1-4
Canada,,23,30,39,29,33,51,41,47,66,60,66,77,1-4
Cabo Verde,,,,,,,,,,,,, ,1-4
Cayman Islands,,,0,0,0,0,0,0,0,0,0,, ,1-4
Chile,,24,21,41,29,33,35,50,60,47,50,62, ,1-4
Colombia,,135,154,155,159,196,166,171,157,153,188,, ,1-4
Costa Rica,,9,10,11,7,17,12,13,11,26,21,9, ,1-4
Croatia,6,5,6,8,5,6,9,9,12,12,20,, ,1-4
Cuba,,24,34,26,44,33,40,37,49,44,47,28,63,1-4
Cyprus,,1,0,0,,0,,,,,,, ,1-4
Czech Republic,9,9,12,15,20,18,31,27,39,35,,, ,1-4
Denmark,,2,8,3,12,5,9,16,,,,, ,1-4
Dominica,,0,0,0,0,0,0,0,0,0,0,0,0,1-4
Dominican Republic,,20,7,14,18,15,23,14,11,11,21,28, ,1-4
Ecuador,,71,59,50,48,68,52,54,57,48,53,33,30,1-4
Egypt,,446,394,350,367,284,,,256,,,, ,1-4
El Salvador,,16,13,14,20,23,12,,9,,,8, ,1-4
Estonia,,2,2,3,3,5,3,3,8,10,6,10, ,1-4
Falkland Islands (Malvinas),,,,,,,,,,,,0,0,1-4
Fiji,,3,8,4,13,,,,,,,, ,1-4
Finland,,2,4,5,5,6,8,8,15,9,,, ,1-4
France,,59,67,73,98,96,80,94,128,124,136,162,168,1-4
French Guiana,,0,1,0,0,,,,,,,,0,1-4
Georgia,,9,8,8,,2,3,14,10,21,21,5, ,1-4
Germany,,59,60,73,80,89,95,124,159,,,, ,1-4
Greece,,15,15,9,11,11,18,13,19,21,30,29,58,1-4
Grenada,0,0,1,0,0,,,1,0,0,1,, ,1-4
Guadeloupe,,0,0,1,0,0,,,,,,, ,1-4
Guatemala,,55,58,73,60,52,55,54,57,35,,,25,1-4
Guyana,,2,1,2,2,,3,2,3,1,,,2,1-4
Haiti,,,,,2,,6,,,,,, ,1-4
Honduras,,4,9,,,,,,,19,,,6,1-4
Hong Kong SAR,,6,5,5,10,5,14,9,10,15,12,18,14,1-4
Hungary,,13,14,14,17,23,23,27,30,38,38,51,55,1-4
Iceland,0,0,0,0,0,1,0,0,0,2,0,1, ,1-4
Iraq,,,,,,,,,,,,, ,1-4
Ireland,,9,11,2,5,3,7,8,3,15,7,17,19,1-4
Israel,,12,15,14,13,14,14,12,19,13,16,19,26,1-4
Italy,,60,64,76,59,64,89,117,118,114,142,187,245,1-4
Jamaica,,,10,5,14,14,,,12,11,10,5, ,1-4
Japan,,101,87,87,85,117,144,160,154,218,240,325,442,1-4
Jordan,,14,22,,,,,,,,,, ,1-4
Kazakhstan,75,51,64,57,47,53,57,88,136,101,95,93, ,1-4
Kiribati,,,,,,0,0,0,0,,,, ,1-4
Kuwait,,5,11,10,2,9,5,4,,,12,16,13,1-4
Kyrgyzstan,27,22,19,12,11,16,17,17,19,25,15,16, ,1-4
Latvia,,4,2,4,5,3,5,5,19,11,24,18, ,1-4
Lithuania,7,2,2,6,5,8,18,25,15,17,17,26, ,1-4
Luxembourg,,0,0,0,0,2,2,0,1,0,2,1,0,1-4
Macau,,,,,,,,0,,,,, ,1-4
Malaysia,,,,43,54,50,44,,,,,, ,1-4
Maldives,,,,,0,0,,,,,,, ,1-4
Malta,,2,0,1,0,0,3,1,1,3,1,5,0,1-4
Martinique,,,0,0,0,0,,,,,2,1, ,1-4
Mauritius,,1,4,3,7,3,4,6,2,2,5,9, ,1-4
Mayotte,,1,,,,,,,,,,, ,1-4
Mexico,,426,433,467,486,469,479,401,407,468,431,373,387,1-4
Monaco,,,,,,,,,,,,, ,1-4
Mongolia,,,,,,,,9,,,,, ,1-4
Montenegro,,,0,1,0,3,,,,,,, ,1-4
Montserrat,0,0,0,0,0,0,0,0,0,,,, ,1-4
Morocco,,1,5,,,,,,,,,, ,1-4
Netherlands,22,19,22,33,23,31,32,36,25,30,40,34,38,1-4
Netherlands Antilles,,,,,,1,0,0,0,0,,, ,1-4
New Zealand,,12,5,8,6,11,15,10,13,12,15,17,17,1-4
Nicaragua,,25,12,26,22,18,14,12,12,19,,, ,1-4
Norway,,6,6,2,7,11,6,5,3,11,,, ,1-4
Occupied Palestinian Territory,,10,6,,,,,,,,,, ,1-4
Oman,,,4,,,,,,,,,, ,1-4
Panama,,9,14,12,12,14,4,,,17,14,9,1,1-4
Paraguay,,16,19,19,13,23,17,17,13,9,9,9,9,1-4
Peru,,119,106,62,102,75,77,70,51,48,,50, ,1-4
Philippines,,,280,398,390,372,339,307,,,,, ,1-4
Poland,,56,37,58,56,64,,124,140,166,206,227, ,1-4
Portugal,,11,9,,7,19,25,23,30,36,42,54, ,1-4
Puerto Rico,,3,3,3,5,5,7,9,5,12,13,5,13,1-4
Qatar,,3,0,1,,,,,,,,, ,1-4
Republic of Korea,,46,49,79,98,109,120,159,110,190,183,, ,1-4
Republic of Moldova,13,8,11,10,25,16,29,28,32,35,43,25, ,1-4
Reunion,,1,3,1,1,,,,,,,, ,1-4
Rodrigues,,0,0,0,,,,,,,,, ,1-4
Romania,32,32,46,50,70,60,103,104,126,128,132,159, ,1-4
Russian Federation,,,311,325,281,352,417,532,778,815,785,792, ,1-4
Saint Kitts and Nevis,,0,0,0,1,0,0,0,0,0,,, ,1-4
Saint Lucia,,0,0,1,0,0,2,1,0,0,,,0,1-4
Saint Pierre and Miquelon,,,0,0,,,,,,,,, ,1-4
Saint Vincent and Grenadines,0,0,0,0,0,0,1,,,,1,0, ,1-4
San Marino,0,,,,,0,0,,,,,, ,1-4
Sao Tome and Principe,,,,,,,,,,,0,, ,1-4
Saudi Arabia,,15,30,,,,,,,,,, ,1-4
Serbia,,10,16,17,10,12,,,,,,, ,1-4
Seychelles,,0,1,0,0,,,,,,1,, ,1-4
Singapore,3,3,3,4,3,11,16,9,11,12,12,17,13,1-4
Slovakia,,6,7,4,7,9,11,16,,,,, ,1-4
Slovenia,1,0,0,1,2,1,5,5,4,2,3,, ,1-4
South Africa,,130,91,99,86,80,76,75,,,,, ,1-4
Spain,,49,46,41,60,48,62,64,77,82,110,169, ,1-4
Sri Lanka,,,,59,48,55,69,,,,45,53, ,1-4
Suriname,,0,2,2,0,1,1,,2,2,1,0,3,1-4
Sweden,5,16,22,15,17,7,14,15,17,9,,, ,1-4
Switzerland,,7,7,7,9,7,10,,,,,, ,1-4
Syrian Arab Republic,,,48,49,40,43,,,,,24,, ,1-4
Tajikistan,,,,,6,10,14,14,29,26,23,21, ,1-4
TFYR Macedonia,,5,7,3,4,6,6,10,10,,,, ,1-4
Thailand,,135,137,138,202,224,128,119,86,,127,116,113,1-4
Trinidad and Tobago,,,6,5,5,3,7,7,6,5,5,1,5,1-4
Tunisia,,,10,,,,,,,,,, ,1-4
Turkey,,170,189,,,,,,,,,, ,1-4
Turkmenistan,,18,10,22,10,19,32,16,35,16,40,23, ,1-4
Turks and Caicos Islands,,,0,0,0,0,0,0,0,0,0,, ,1-4
Ukraine,,94,116,100,141,117,184,233,307,345,314,338, ,1-4
United Arab Emirates,,,,,,,,,,,,, ,1-4
United Kingdom,,84,63,87,89,87,84,98,137,139,111,134,144,1-4
United States of America,,394,350,377,392,420,438,518,526,542,543,628,578,1-4
Uruguay,,10,10,5,4,11,11,9,,14,25,13, ,1-4
Uzbekistan,,92,95,,78,109,104,132,158,136,145,100, ,1-4
Venezuela (Bolivarian Republic of),,138,129,114,112,119,109,122,,117,116,103,106,1-4
Virgin Islands (USA),,0,0,0,0,1,0,,,,,, ,1-4
Zimbabwe,,,,,,,,,,,,, ,1-4
Albania,,,12,25,32,20,26,22,,49,,, ,5-14
Anguilla,,0,0,0,0,0,,0,0,0,0,, ,5-14
Antigua and Barbuda,,0,1,0,0,0,,0,0,0,0,, ,5-14
Argentina,,243,249,256,214,264,240,244,298,280,324,322,295,5-14
Armenia,17,14,11,12,27,27,31,22,17,31,34,42, ,5-14
Aruba,,0,0,0,1,0,,,,,,, ,5-14
Australia,,52,52,53,70,77,92,111,84,92,110,120,111,5-14
Austria,,17,18,20,27,26,26,29,25,29,28,54, ,5-14
Azerbaijan,,,,,107,109,85,71,75,98,88,88, ,5-14
Bahamas,,3,2,0,0,3,3,3,,,2,, ,5-14
Bahrain,,4,5,2,6,2,6,,,1,6,, ,5-14
Barbados,,3,2,1,3,1,,1,3,0,2,1,7,5-14
Belarus,,,22,,35,48,51,70,71,108,104,105, ,5-14
Belgium,,30,29,34,28,33,47,25,45,32,44,78,76,5-14
Belize,,6,1,4,2,2,4,1,1,,,0, ,5-14
Bermuda,0,0,0,0,0,0,0,0,0,0,0,, ,5-14
Bolivia,,,,,12,16,,,,,,, ,5-14
Bosnia and Herzegovina,,,,,,,,,28,32,40,, ,5-14
Brazil,,1314,1308,1345,1270,1254,1247,1155,1085,1030,1112,1065,946,5-14
British Virgin Islands,,,0,0,0,0,0,0,0,0,0,0, ,5-14
Brunei Darussalam,,1,0,3,5,2,3,,,,,, ,5-14
Bulgaria,,23,22,32,33,34,48,60,73,69,84,95, ,5-14
Canada,,70,89,82,85,94,108,121,116,144,156,174,186,5-14
Cabo Verde,,,,,,,,,,,,, ,5-14
Cayman Islands,,,0,0,0,1,0,0,0,0,0,, ,5-14
Chile,,84,84,66,88,105,106,121,105,100,107,93, ,5-14
Colombia,,338,405,366,371,393,369,367,359,308,333,, ,5-14
Costa Rica,,29,21,29,26,26,43,27,27,31,29,34, ,5-14
Croatia,15,7,15,18,15,24,26,22,29,32,32,, ,5-14
Cuba,,54,64,63,66,84,73,77,60,78,104,109,148,5-14
Cyprus,,2,0,4,,0,,,,,,, ,5-14
Czech Republic,15,22,25,25,29,52,47,71,62,99,,, ,5-14
Denmark,,9,13,10,14,19,24,21,,,,, ,5-14
Dominica,,0,1,0,0,0,0,1,1,0,0,4,0,5-14
Dominican Republic,,51,28,28,47,36,43,20,26,26,34,31, ,5-14
Ecuador,,133,129,138,112,106,126,93,110,92,85,102,71,5-14
Egypt,,735,673,648,715,588,,,535,,,, ,5-14
El Salvador,,37,44,58,47,27,39,,38,,,28, ,5-14
Estonia,,3,3,3,8,5,11,11,9,19,15,25, ,5-14
Falkland Islands (Malvinas),,,,,,,,,,,,0,0,5-14
Fiji,,6,2,14,8,,,,,,,, ,5-14
Finland,,15,16,16,18,13,20,12,19,26,,, ,5-14
France,,144,176,164,165,174,207,244,238,220,311,374,415,5-14
French Guiana,,2,1,1,1,,,,,,,,0,5-14
Georgia,,13,22,13,,12,26,25,28,44,44,32, ,5-14
Germany,,159,179,183,212,235,235,264,288,,,, ,5-14
Greece,,34,39,34,28,38,34,40,38,49,67,88,90,5-14
Grenada,3,0,1,2,1,,,1,0,1,0,, ,5-14
Guadeloupe,,1,2,3,3,1,,,,,,, ,5-14
Guatemala,,114,151,153,117,126,111,103,78,62,,,41,5-14
Guyana,,12,10,4,6,,2,7,5,5,,,5,5-14
Haiti,,,,,7,,2,,,,,, ,5-14
Honduras,,26,18,,,,,,,25,,,12,5-14
Hong Kong SAR,,14,7,23,19,25,24,27,35,46,42,45,56,5-14
Hungary,,30,39,32,47,51,58,63,68,76,81,107,102,5-14
Iceland,1,1,2,0,1,1,3,0,0,0,1,0, ,5-14
Iraq,,,,,,,,,,,,, ,5-14
Ireland,,21,8,22,19,10,14,18,31,24,26,37,27,5-14
Israel,,26,32,37,38,29,29,29,41,36,35,32,43,5-14
Italy,,151,165,183,164,235,248,269,317,315,442,532,563,5-14
Jamaica,,,11,11,22,17,,,15,17,19,13, ,5-14
Japan,,195,206,247,257,268,320,408,460,576,728,751,824,5-14
Jordan,,21,38,,,,,,,,,, ,5-14
Kazakhstan,109,94,92,109,117,130,133,166,192,173,181,160, ,5-14
Kiribati,,,,,,0,0,1,0,,,, ,5-14
Kuwait,,9,13,11,16,12,9,10,,,22,24,18,5-14
Kyrgyzstan,45,34,18,29,28,34,39,23,34,28,34,44, ,5-14
Latvia,,5,6,4,12,23,14,21,32,20,27,22, ,5-14
Lithuania,6,11,8,11,18,19,18,40,39,33,39,47, ,5-14
Luxembourg,,0,1,0,1,1,0,1,1,2,1,6,2,5-14
Macau,,,,,,,,3,,,,, ,5-14
Malaysia,,,,131,112,103,97,,,,,, ,5-14
Maldives,,,,,1,0,,,,,,, ,5-14
Malta,,1,0,1,0,1,2,1,0,2,5,3,2,5-14
Martinique,,,0,5,1,0,,,,,1,4, ,5-14
Mauritius,,7,7,8,10,9,9,8,8,13,9,9, ,5-14
Mayotte,,0,,,,,,,,,,, ,5-14
Mexico,,969,1017,1088,1035,1102,1017,899,892,977,917,864,769,5-14
Monaco,,,,,,,,,,,,, ,5-14
Mongolia,,,,,,,,27,,,,, ,5-14
Montenegro,,,2,0,2,2,,,,,,, ,5-14
Montserrat,0,0,0,0,0,0,0,0,0,,,, ,5-14
Morocco,,45,71,,,,,,,,,, ,5-14
Netherlands,38,61,43,62,54,59,54,45,56,62,64,97,104,5-14
Netherlands Antilles,,,,,,0,0,1,1,0,,, ,5-14
New Zealand,,13,11,15,14,24,25,19,22,27,29,24,32,5-14
Nicaragua,,61,52,35,62,43,42,25,36,36,,, ,5-14
Norway,,18,11,11,18,20,22,16,13,24,,, ,5-14
Occupied Palestinian Territory,,23,16,,,,,,,,,, ,5-14
Oman,,,9,,,,,,,,,, ,5-14
Panama,,47,16,24,26,22,28,,,23,24,23,20,5-14
Paraguay,,28,54,62,48,51,48,42,27,30,21,23,16,5-14
Peru,,219,247,195,210,231,206,173,136,109,,91, ,5-14
Philippines,,,775,734,691,767,655,614,,,,, ,5-14
Poland,,89,102,152,141,168,,251,330,308,297,344, ,5-14
Portugal,,40,29,,38,38,44,61,72,99,93,118, ,5-14
Puerto Rico,,7,14,10,13,18,12,11,15,25,22,35,28,5-14
Qatar,,1,1,4,,,,,,,,, ,5-14
Republic of Korea,,131,153,189,206,237,258,334,278,375,399,, ,5-14
Republic of Moldova,20,7,24,23,23,29,60,73,59,55,44,57, ,5-14
Reunion,,4,4,2,2,,,,,,,, ,5-14
Rodrigues,,0,0,0,,,,,,,,, ,5-14
Romania,71,89,93,112,138,189,230,232,247,275,265,278, ,5-14
Russian Federation,,,498,496,672,886,1046,1256,1403,1380,1354,1388, ,5-14
Saint Kitts and Nevis,,1,0,0,0,1,0,0,0,0,,, ,5-14
Saint Lucia,,0,0,1,1,1,0,3,0,0,,,1,5-14
Saint Pierre and Miquelon,,,0,1,,,,,,,,, ,5-14
Saint Vincent and Grenadines,1,1,1,2,0,2,1,,,,0,1, ,5-14
San Marino,0,,,,,0,0,,,,,, ,5-14
Sao Tome and Principe,,,,,,,,,,,0,, ,5-14
Saudi Arabia,,55,73,,,,,,,,,, ,5-14
Serbia,,19,24,24,27,36,,,,,,, ,5-14
Seychelles,,0,0,0,0,,,,,,1,, ,5-14
Singapore,7,12,8,23,18,15,15,11,22,18,20,27,18,5-14
Slovakia,,10,19,19,23,23,35,32,,,,, ,5-14
Slovenia,3,6,7,2,4,6,10,8,13,10,16,, ,5-14
South Africa,,201,229,176,151,182,181,166,,,,, ,5-14
Spain,,130,126,143,143,133,148,205,226,260,317,425, ,5-14
Sri Lanka,,,,143,106,135,132,,,,92,92, ,5-14
Suriname,,1,4,8,2,3,1,,2,2,2,4,2,5-14
Sweden,31,20,27,28,19,41,25,31,31,29,,, ,5-14
Switzerland,,18,20,16,25,27,18,,,,,, ,5-14
Syrian Arab Republic,,,91,69,82,72,,,,,44,, ,5-14
Tajikistan,,,,,44,30,26,43,61,61,48,40, ,5-14
TFYR Macedonia,,8,12,7,11,10,16,20,15,,,, ,5-14
Thailand,,267,297,349,383,364,161,243,214,,279,284,258,5-14
Trinidad and Tobago,,,9,8,10,9,13,11,11,9,12,7,5,5-14
Tunisia,,,24,,,,,,,,,, ,5-14
Turkey,,395,394,,,,,,,,,, ,5-14
Turkmenistan,,40,40,36,43,65,48,52,41,51,52,45, ,5-14
Turks and Caicos Islands,,,0,0,0,0,0,0,0,0,0,, ,5-14
Ukraine,,147,175,204,237,330,410,427,560,537,543,560, ,5-14
United Arab Emirates,,,,,,,,,,,,, ,5-14
United Kingdom,,168,164,195,219,205,238,240,272,278,299,366,455,5-14
United States of America,,913,896,907,1076,1014,1030,1053,1106,1096,1183,1410,1552,5-14
Uruguay,,10,20,15,14,15,28,12,,25,28,33, ,5-14
Uzbekistan,,208,216,,239,237,231,277,262,247,232,213, ,5-14
Venezuela (Bolivarian Republic of),,254,218,239,209,244,242,219,,211,196,174,169,5-14
Virgin Islands (USA),,0,0,0,0,0,0,,,,,, ,5-14
Zimbabwe,,,,,,,,,,,,, ,5-14
Albania,,,26,20,26,36,34,33,,50,,, ,15-24
Anguilla,,0,0,1,0,0,,0,0,0,0,, ,15-24
Antigua and Barbuda,,2,1,2,1,0,,0,1,2,1,, ,15-24
Argentina,,434,429,391,365,383,417,351,375,327,284,336,336,15-24
Armenia,21,36,19,28,34,38,40,42,39,33,50,36, ,15-24
Aruba,,1,0,0,0,2,,,,,,, ,15-24
Australia,,104,98,100,113,119,129,123,145,153,177,173,147,15-24
Austria,,31,38,41,43,28,46,50,62,63,74,92, ,15-24
Azerbaijan,,,,,125,108,95,113,99,125,104,120, ,15-24
Bahamas,,2,3,4,2,1,1,4,,,5,, ,15-24
Bahrain,,5,6,3,6,8,8,,,4,0,, ,15-24
Barbados,,1,2,4,1,4,,4,2,2,2,4,2,15-24
Belarus,,,78,,114,104,87,118,111,124,163,190, ,15-24
Belgium,,48,45,44,56,48,67,71,89,89,105,102,107,15-24
Belize,,10,1,0,0,2,4,0,1,,,1, ,15-24
Bermuda,0,0,0,0,0,0,0,2,0,0,2,, ,15-24
Bolivia,,,,,19,22,,,,,,, ,15-24
Bosnia and Herzegovina,,,,,,,,,55,55,74,, ,15-24
Brazil,,2082,2098,1998,1940,1911,1737,1499,1386,1332,1311,1415,1283,15-24
British Virgin Islands,,,0,0,0,0,0,0,0,0,0,0, ,15-24
Brunei Darussalam,,4,6,3,6,8,0,,,,,, ,15-24
Bulgaria,,42,53,64,68,67,109,89,100,115,107,92, ,15-24
Canada,,141,165,158,172,195,180,164,190,203,256,263,297,15-24
Cabo Verde,,,,,,,,,,,,, ,15-24
Cayman Islands,,,0,0,0,0,0,0,0,0,0,, ,15-24
Chile,,156,141,143,151,119,139,143,152,163,195,159, ,15-24
Colombia,,547,538,558,594,533,538,430,445,416,482,, ,15-24
Costa Rica,,54,53,57,55,55,58,42,42,58,51,57, ,15-24
Croatia,17,25,28,39,33,31,33,31,40,34,49,, ,15-24
Cuba,,64,103,101,94,95,123,122,139,166,134,145,111,15-24
Cyprus,,5,5,5,,2,,,,,,, ,15-24
Czech Republic,35,51,49,62,66,82,102,118,123,126,,, ,15-24
Denmark,,24,21,27,28,37,38,33,,,,, ,15-24
Dominica,,0,1,0,0,0,1,0,1,4,1,1,1,15-24
Dominican Republic,,42,46,52,45,38,51,47,46,57,43,41, ,15-24
Ecuador,,203,181,156,155,155,160,127,144,137,122,99,87,15-24
Egypt,,926,932,914,932,657,,,542,,,, ,15-24
El Salvador,,69,78,79,92,66,68,,46,,,35, ,15-24
Estonia,,8,5,9,8,11,14,22,23,14,24,14, ,15-24
Falkland Islands (Malvinas),,,,,,,,,,,,0,0,15-24
Fiji,,13,13,13,4,,,,,,,, ,15-24
Finland,,26,24,25,26,30,27,29,35,41,,, ,15-24
France,,246,290,299,340,342,361,356,423,462,523,564,549,15-24
French Guiana,,0,0,0,2,,,,,,,,0,15-24
Georgia,,19,60,37,,25,24,53,53,48,52,65, ,15-24
Germany,,291,291,319,344,332,382,424,573,,,, ,15-24
Greece,,57,71,65,67,83,85,83,81,103,94,89,124,15-24
Grenada,1,2,2,1,0,,,1,1,4,3,, ,15-24
Guadeloupe,,0,1,3,3,0,,,,,,, ,15-24
Guatemala,,233,256,203,202,188,158,140,80,81,,,56,15-24
Guyana,,7,6,8,3,,4,4,5,4,,,9,15-24
Haiti,,,,,11,,5,,,,,, ,15-24
Honduras,,32,39,,,,,,,45,,,15,15-24
Hong Kong SAR,,29,42,28,27,34,62,52,56,68,84,85,95,15-24
Hungary,,70,75,80,85,100,94,105,118,109,110,123,118,15-24
Iceland,0,0,2,2,0,2,2,1,2,4,2,3, ,15-24
Iraq,,,,,,,,,,,,, ,15-24
Ireland,,27,23,23,21,39,28,31,32,34,41,44,33,15-24
Israel,,42,49,33,51,55,48,48,34,36,44,39,43,15-24
Italy,,271,306,297,299,403,393,494,551,624,649,601,630,15-24
Jamaica,,,25,18,24,19,,,27,37,28,29, ,15-24
Japan,,337,365,445,507,585,711,769,828,900,868,880,993,15-24
Jordan,,72,55,,,,,,,,,, ,15-24
Kazakhstan,138,179,180,200,215,204,211,253,260,259,205,261, ,15-24
Kiribati,,,,,,1,0,1,1,,,, ,15-24
Kuwait,,14,9,11,13,15,15,10,,,23,25,25,15-24
Kyrgyzstan,56,47,60,49,44,45,45,41,52,57,58,50, ,15-24
Latvia,,11,19,24,27,12,24,24,25,32,36,40, ,15-24
Lithuania,11,22,20,17,22,37,21,42,50,44,51,53, ,15-24
Luxembourg,,2,0,2,1,0,1,4,4,2,5,1,5,15-24
Macau,,,,,,,,1,,,,, ,15-24
Malaysia,,,,166,157,121,128,,,,,, ,15-24
Maldives,,,,,1,0,,,,,,, ,15-24
Malta,,3,3,4,6,0,3,0,2,0,2,5,3,15-24
Martinique,,,2,2,6,2,,,,,5,7, ,15-24
Mauritius,,7,12,9,6,8,13,11,6,18,11,13, ,15-24
Mayotte,,0,,,,,,,,,,, ,15-24
Mexico,,1524,1518,1488,1385,1298,1336,1295,1164,1155,1004,880,733,15-24
Monaco,,,,,,,,,,,,, ,15-24
Mongolia,,,,,,,,35,,,,, ,15-24
Montenegro,,,3,3,4,3,,,,,,, ,15-24
Montserrat,0,1,0,0,0,0,0,0,0,,,, ,15-24
Morocco,,86,93,,,,,,,,,, ,15-24
Netherlands,58,72,78,67,80,102,95,121,117,150,157,148,165,15-24
Netherlands Antilles,,,,,,0,0,2,0,2,,, ,15-24
New Zealand,,27,22,37,32,32,41,28,40,34,35,53,47,15-24
Nicaragua,,75,90,79,69,63,52,45,38,30,,, ,15-24
Norway,,15,20,13,25,21,34,26,32,19,,, ,15-24
Occupied Palestinian Territory,,23,22,,,,,,,,,, ,15-24
Oman,,,12,,,,,,,,,, ,15-24
Panama,,42,36,36,48,29,36,,,20,28,13,24,15-24
Paraguay,,61,69,72,51,49,39,40,33,24,21,36,32,15-24
Peru,,319,329,301,354,290,268,198,156,145,,168, ,15-24
Philippines,,,1077,978,1008,1051,874,927,,,,, ,15-24
Poland,,218,243,303,298,368,,391,386,350,389,463, ,15-24
Portugal,,58,58,,92,93,103,100,119,124,126,135, ,15-24
Puerto Rico,,19,22,23,32,21,24,19,29,34,30,27,30,15-24
Qatar,,2,3,5,,,,,,,,, ,15-24
Republic of Korea,,267,252,276,354,378,508,578,558,639,822,, ,15-24
Republic of Moldova,27,36,43,44,51,34,50,69,67,64,45,56, ,15-24
Reunion,,4,6,9,5,,,,,,,, ,15-24
Rodrigues,,0,0,0,,,,,,,,, ,15-24
Romania,133,178,183,237,244,305,308,323,297,305,295,249, ,15-24
Russian Federation,,,1332,1563,1639,1776,1754,1762,1738,1707,1792,2025, ,15-24
Saint Kitts and Nevis,,0,0,0,2,0,2,0,0,0,,, ,15-24
Saint Lucia,,2,1,2,6,3,0,2,3,0,,,2,15-24
Saint Pierre and Miquelon,,,0,0,,,,,,,,, ,15-24
Saint Vincent and Grenadines,3,1,4,1,0,1,2,,,,1,0, ,15-24
San Marino,0,,,,,1,0,,,,,, ,15-24
Sao Tome and Principe,,,,,,,,,,,0,, ,15-24
Saudi Arabia,,67,90,,,,,,,,,, ,15-24
Serbia,,37,43,62,66,69,,,,,,, ,15-24
Seychelles,,0,0,1,1,,,,,,2,, ,15-24
Singapore,13,22,19,20,22,15,24,26,22,30,33,40,46,15-24
Slovakia,,35,34,39,56,44,53,45,,,,, ,15-24
Slovenia,5,5,11,14,14,13,11,16,18,12,16,, ,15-24
South Africa,,479,440,450,390,403,349,290,,,,, ,15-24
Spain,,180,217,229,266,304,341,364,374,385,396,467, ,15-24
Sri Lanka,,,,172,133,152,163,,,,155,135, ,15-24
Suriname,,5,3,4,6,8,2,,7,6,6,4,5,15-24
Sweden,43,41,35,46,48,48,46,40,45,56,,, ,15-24
Switzerland,,27,41,25,37,41,33,,,,,, ,15-24
Syrian Arab Republic,,,109,76,92,102,,,,,36,, ,15-24
Tajikistan,,,,,59,54,46,56,91,69,65,54, ,15-24
TFYR Macedonia,,12,14,17,23,17,29,14,19,,,, ,15-24
Thailand,,510,519,553,540,727,620,639,480,,465,473,436,15-24
Trinidad and Tobago,,,18,16,20,15,12,16,15,12,15,13,14,15-24
Tunisia,,,33,,,,,,,,,, ,15-24
Turkey,,570,595,,,,,,,,,, ,15-24
Turkmenistan,,65,75,83,61,80,61,56,41,45,54,44, ,15-24
Turks and Caicos Islands,,,0,0,0,0,0,0,0,0,0,, ,15-24
Ukraine,,339,443,531,620,640,646,723,683,661,663,761, ,15-24
United Arab Emirates,,,,,,,,,,,,, ,15-24
United Kingdom,,270,322,334,360,335,340,385,450,546,554,567,572,15-24
United States of America,,1574,1636,1645,1651,1713,1645,1740,1814,1894,2142,2455,2581,15-24
Uruguay,,25,24,35,24,33,41,28,,29,30,32, ,15-24
Uzbekistan,,331,303,,323,332,259,298,289,276,266,252, ,15-24
Venezuela (Bolivarian Republic of),,355,317,332,344,326,276,277,,219,227,207,200,15-24
Virgin Islands (USA),,0,0,0,0,0,0,,,,,, ,15-24
Zimbabwe,,,,,,,,,,,,, ,15-24
Albania,,,31,47,51,58,63,66,,80,,, ,25-34
Anguilla,,0,0,0,0,0,,0,0,0,0,, ,25-34
Antigua and Barbuda,,1,0,0,1,2,,2,0,0,3,, ,25-34
Argentina,,820,841,726,669,668,692,704,683,727,699,757,689,25-34
Armenia,54,73,47,51,70,82,76,94,111,91,92,92, ,25-34
Aruba,,4,0,0,0,4,,,,,,, ,25-34
Australia,,240,245,236,282,266,329,329,365,320,346,309,337,25-34
Austria,,80,73,75,101,124,110,157,166,139,141,175, ,25-34
Azerbaijan,,,,,177,196,212,208,226,210,158,137, ,25-34
Bahamas,,4,11,11,8,5,7,9,,,5,, ,25-34
Bahrain,,9,7,11,12,11,12,,,6,3,, ,25-34
Barbados,,1,6,6,10,8,,2,6,6,4,1,3,25-34
Belarus,,,170,,222,247,256,284,271,303,299,274, ,25-34
Belgium,,105,113,125,128,140,151,163,207,175,194,195,202,25-34
Belize,,5,2,8,2,6,2,4,2,,,2, ,25-34
Bermuda,0,0,0,1,1,1,2,0,1,4,1,, ,25-34
Bolivia,,,,,41,46,,,,,,, ,25-34
Bosnia and Herzegovina,,,,,,,,,117,109,116,, ,25-34
Brazil,,4019,3804,3447,3200,2953,2921,2700,2530,2572,2305,2083,1909,25-34
British Virgin Islands,,,0,0,1,0,0,1,1,0,0,0, ,25-34
Brunei Darussalam,,13,5,3,3,4,7,,,,,, ,25-34
Bulgaria,,136,175,166,198,176,191,225,193,267,269,257, ,25-34
Canada,,387,337,339,347,408,432,469,566,541,559,563,538,25-34
Cabo Verde,,,,,,,,,,,,, ,25-34
Cayman Islands,,,2,0,0,0,0,0,0,1,0,, ,25-34
Chile,,264,278,278,298,276,322,307,295,325,321,301, ,25-34
Colombia,,877,829,769,822,841,776,747,744,656,668,, ,25-34
Costa Rica,,92,64,88,89,76,75,101,72,89,84,56, ,25-34
Croatia,53,65,60,58,72,81,88,99,112,124,107,, ,25-34
Cuba,,164,160,227,284,292,312,277,226,213,200,185,154,25-34
Cyprus,,9,9,7,,2,,,,,,, ,25-34
Czech Republic,101,123,145,161,181,172,169,183,224,252,,, ,25-34
Denmark,,58,60,68,58,89,99,84,,,,, ,25-34
Dominica,,1,3,1,0,2,2,3,5,2,3,2,1,25-34
Dominican Republic,,109,80,100,108,94,107,70,102,60,75,68, ,25-34
Ecuador,,288,272,265,235,217,226,173,169,158,147,147,120,25-34
Egypt,,1248,1143,1052,967,781,,,822,,,, ,25-34
El Salvador,,106,133,131,131,135,89,,107,,,51, ,25-34
Estonia,,22,15,21,27,27,28,31,40,39,43,39, ,25-34
Falkland Islands (Malvinas),,,,,,,,,,,,0,0,25-34
Fiji,,21,17,24,18,,,,,,,, ,25-34
Finland,,59,43,43,43,60,59,56,79,72,,, ,25-34
France,,652,718,715,813,839,866,933,1016,1001,1163,1102,1098,25-34
French Guiana,,0,2,3,4,,,,,,,,0,25-34
Georgia,,63,107,83,,86,114,131,119,148,113,136, ,25-34
Germany,,717,795,760,927,1187,1389,1588,1688,,,, ,25-34
Greece,,173,181,133,159,169,169,189,171,178,176,206,214,25-34
Grenada,6,7,4,4,2,,,3,0,1,8,, ,25-34
Guadeloupe,,6,3,5,6,8,,,,,,, ,25-34
Guatemala,,321,291,322,287,305,253,201,140,127,,,114,25-34
Guyana,,15,14,12,18,,12,21,14,8,,,8,25-34
Haiti,,,,,10,,4,,,,,, ,25-34
Honduras,,28,25,,,,,,,82,,,33,25-34
Hong Kong SAR,,85,107,98,103,121,156,183,207,200,177,180,154,25-34
Hungary,,165,194,212,226,190,209,230,295,330,371,363,345,25-34
Iceland,4,5,4,8,4,2,5,3,6,6,3,8, ,25-34
Iraq,,,,,,,,,,,,, ,25-34
Ireland,,63,65,58,56,63,63,60,63,67,67,85,69,25-34
Israel,,98,73,109,112,109,94,87,88,109,98,82,93,25-34
Italy,,618,687,736,806,946,1001,1145,1108,1043,1060,1114,1301,25-34
Jamaica,,,58,52,66,67,,,46,49,63,47, ,25-34
Japan,,1018,1141,1371,1420,1659,1616,1562,1628,1907,2257,2948,3011,25-34
Jordan,,114,71,,,,,,,,,, ,25-34
Kazakhstan,318,360,357,405,381,415,438,497,541,529,518,441, ,25-34
Kiribati,,,,,,0,1,1,2,,,, ,25-34
Kuwait,,16,25,27,21,13,15,20,,,25,29,41,25-34
Kyrgyzstan,91,103,103,106,91,103,108,107,125,101,93,86, ,25-34
Latvia,,31,41,40,32,51,59,60,53,69,61,55, ,25-34
Lithuania,40,40,50,78,68,77,111,101,77,78,99,90, ,25-34
Luxembourg,,6,5,2,4,5,6,5,6,11,9,5,9,25-34
Macau,,,,,,,,6,,,,, ,25-34
Malaysia,,,,256,274,231,221,,,,,, ,25-34
Maldives,,,,,2,0,,,,,,, ,25-34
Malta,,10,10,6,6,2,8,7,10,6,5,11,5,25-34
Martinique,,,3,6,8,9,,,,,3,6, ,25-34
Mauritius,,19,18,17,12,23,23,22,19,17,18,18, ,25-34
Mayotte,,6,,,,,,,,,,, ,25-34
Mexico,,2096,2217,2033,2041,1985,1849,1776,1551,1462,1288,1047,932,25-34
Monaco,,,,,,,,,,,,, ,25-34
Mongolia,,,,,,,,65,,,,, ,25-34
Montenegro,,,9,5,12,12,,,,,,, ,25-34
Montserrat,0,0,0,0,0,0,1,1,0,,,, ,25-34
Morocco,,164,154,,,,,,,,,, ,25-34
Netherlands,150,188,192,201,246,269,278,268,342,311,286,289,362,25-34
Netherlands Antilles,,,,,,1,4,5,2,4,,, ,25-34
New Zealand,,67,64,64,68,67,83,85,93,88,112,91,85,25-34
Nicaragua,,122,93,82,100,75,83,74,55,46,,, ,25-34
Norway,,43,48,63,66,61,71,65,77,60,,, ,25-34
Occupied Palestinian Territory,,34,27,,,,,,,,,, ,25-34
Oman,,,12,,,,,,,,,, ,25-34
Panama,,66,58,67,58,64,44,,,44,40,27,30,25-34
Paraguay,,118,90,105,92,87,74,61,49,47,46,48,38,25-34
Peru,,486,545,502,493,442,443,290,213,246,,239, ,25-34
Philippines,,,1843,1749,1703,1632,1477,1617,,,,, ,25-34
Poland,,605,619,584,635,586,,710,927,1105,1093,1096, ,25-34
Portugal,,144,149,,189,188,222,215,235,232,239,239, ,25-34
Puerto Rico,,51,36,52,56,54,69,48,57,48,43,67,58,25-34
Qatar,,8,11,7,,,,,,,,, ,25-34
Republic of Korea,,588,721,809,1114,1181,1295,1510,1492,1578,1424,, ,25-34
Republic of Moldova,92,79,77,115,78,98,110,138,150,166,135,140, ,25-34
Reunion,,16,7,12,12,,,,,,,, ,25-34
Rodrigues,,2,0,1,,,,,,,,, ,25-34
Romania,338,350,412,514,538,631,593,557,663,650,726,656, ,25-34
Russian Federation,,,3574,3408,3380,3300,3596,4114,4383,4541,4570,4382, ,25-34
Saint Kitts and Nevis,,5,2,1,0,2,3,1,0,1,,, ,25-34
Saint Lucia,,2,2,1,4,1,6,6,5,1,,,3,25-34
Saint Pierre and Miquelon,,,0,1,,,,,,,,, ,25-34
Saint Vincent and Grenadines,0,5,2,2,1,7,3,,,,0,0, ,25-34
San Marino,0,,,,,0,0,,,,,, ,25-34
Sao Tome and Principe,,,,,,,,,,,1,, ,25-34
Saudi Arabia,,118,139,,,,,,,,,, ,25-34
Serbia,,120,155,133,142,159,,,,,,, ,25-34
Seychelles,,1,2,2,1,,,,,,4,, ,25-34
Singapore,37,43,50,43,45,54,75,52,80,90,104,93,65,25-34
Slovakia,,94,94,89,92,111,116,94,,,,, ,25-34
Slovenia,27,24,21,27,26,30,29,42,45,44,54,, ,25-34
South Africa,,1584,1479,1407,1340,1157,874,667,,,,, ,25-34
Spain,,561,592,597,668,660,718,758,742,802,690,791, ,25-34
Sri Lanka,,,,248,207,228,192,,,,222,212, ,25-34
Suriname,,11,6,14,9,15,5,,2,3,7,9,5,25-34
Sweden,91,97,88,94,101,97,109,114,139,139,,, ,25-34
Switzerland,,62,66,71,70,88,85,,,,,, ,25-34
Syrian Arab Republic,,,161,138,120,134,,,,,38,, ,25-34
Tajikistan,,,,,106,96,105,117,127,89,88,78, ,25-34
TFYR Macedonia,,29,46,46,35,39,45,48,37,,,, ,25-34
Thailand,,1304,1363,1610,1935,3186,2512,1892,1101,,799,788,523,25-34
Trinidad and Tobago,,,34,27,29,30,36,31,25,35,20,23,18,25-34
Tunisia,,,58,,,,,,,,,, ,25-34
Turkey,,1071,981,,,,,,,,,, ,25-34
Turkmenistan,,109,127,110,68,96,113,101,107,90,80,54, ,25-34
Turks and Caicos Islands,,,1,0,0,0,0,0,0,0,0,, ,25-34
Ukraine,,1199,1202,1255,1335,1323,1457,1655,1597,1474,1483,1455, ,25-34
United Arab Emirates,,,,,,,,,,,,, ,25-34
United Kingdom,,783,708,793,841,942,1066,1090,1142,1151,1120,1158,1321,25-34
United States of America,,3676,3662,3657,3741,3916,4607,5056,5319,5211,5495,5179,4786,25-34
Uruguay,,56,66,69,74,60,60,57,,67,75,67, ,25-34
Uzbekistan,,550,527,,506,471,516,524,481,497,437,357, ,25-34
Venezuela (Bolivarian Republic of),,618,611,601,545,488,539,528,,436,369,284,254,25-34
Virgin Islands (USA),,1,0,1,0,1,0,,,,,, ,25-34
Zimbabwe,,,,,,,,,,,,, ,25-34
Albania,,,422,455,448,429,374,258,,403,,, ,35-54
Anguilla,,1,0,1,1,1,,0,1,1,4,, ,35-54
Antigua and Barbuda,,10,11,14,16,10,,15,8,5,10,, ,35-54
Argentina,,7403,7479,7383,7722,7728,7785,7678,7454,7106,7109,7253,7549,35-54
Armenia,782,856,832,867,929,883,731,618,818,740,744,702, ,35-54
Aruba,,23,20,15,26,4,,,,,,, ,35-54
Australia,,3404,3730,3624,3797,3802,3801,3865,3670,3407,3323,3301,3083,35-54
Austria,,1726,1800,1669,1781,1911,1883,2066,2069,1924,1921,2012, ,35-54
Azerbaijan,,,,,1687,1241,1113,1070,1195,1399,1265,1358, ,35-54
Bahamas,,84,85,63,62,47,53,40,,,58,, ,35-54
Bahrain,,69,48,72,63,52,59,,,37,28,, ,35-54
Barbados,,80,74,57,69,53,,39,41,39,37,39,43,35-54
Belarus,,,3179,,3458,3444,3169,3354,3374,3264,3307,3380, ,35-54
Belgium,,2126,2375,2363,2570,2680,2746,2648,2560,2584,2736,2834,2953,35-54
Belize,,53,34,32,28,23,22,14,6,,,9, ,35-54
Bermuda,8,12,19,10,15,11,15,22,17,18,22,, ,35-54
Bolivia,,,,,335,265,,,,,,, ,35-54
Bosnia and Herzegovina,,,,,,,,,1045,1118,1066,, ,35-54
Brazil,,34804,33512,31176,28143,25612,22989,20344,18191,17415,16278,15453,14531,35-54
British Virgin Islands,,,4,2,4,3,1,0,2,0,0,1, ,35-54
Brunei Darussalam,,78,57,64,48,39,37,,,,,, ,35-54
Bulgaria,,2242,2324,2574,2553,2785,2989,2918,2785,2731,2688,2560, ,35-54
Canada,,6451,6829,6869,7131,7124,6655,6583,6024,5558,5434,5337,5409,35-54
Cabo Verde,,,,,,,,,,,,, ,35-54
Cayman Islands,,,5,5,5,9,2,2,1,5,5,, ,35-54
Chile,,2760,2828,2719,2698,2535,2419,2401,2352,2132,2077,2092, ,35-54
Colombia,,6033,5925,5762,5585,5115,4543,4046,3902,3616,3770,, ,35-54
Costa Rica,,593,575,568,536,468,468,418,372,359,342,304, ,35-54
Croatia,1078,1221,1412,1511,1511,1530,1555,1454,1610,1653,1766,, ,35-54
Cuba,,2895,2797,2745,2653,2492,2331,2201,2011,1903,1674,1488,1473,35-54
Cyprus,,98,114,81,,53,,,,,,, ,35-54
Czech Republic,1873,1990,2369,2859,3364,3897,4017,4119,3922,3656,,, ,35-54
Denmark,,1052,1078,1254,1319,1464,1633,1637,,,,, ,35-54
Dominica,,19,15,21,14,12,13,13,19,14,8,11,7,35-54
Dominican Republic,,724,644,617,649,562,556,444,365,404,404,415, ,35-54
Ecuador,,1545,1453,1464,1206,1194,1137,1010,940,955,867,801,661,35-54
Egypt,,7395,7126,6934,6469,5086,,,3823,,,, ,35-54
El Salvador,,674,652,650,606,578,561,,395,,,267, ,35-54
Estonia,,291,337,402,392,449,473,495,606,494,543,541, ,35-54
Falkland Islands (Malvinas),,,,,,,,,,,,0,1,35-54
Fiji,,192,196,169,123,,,,,,,, ,35-54
Finland,,742,750,835,951,1093,1091,1017,972,995,,, ,35-54
France,,13582,15462,16612,18008,18631,17142,16014,15197,15195,15559,15801,16158,35-54
French Guiana,,24,24,24,28,,,,,,,,4,35-54
Georgia,,803,990,970,,810,747,826,1160,1181,1175,1237, ,35-54
Germany,,17630,18393,18950,19934,19444,20267,22660,23907,,,, ,35-54
Greece,,2261,2258,2311,2225,2297,2237,2165,2128,2186,2265,2343,2395,35-54
Grenada,30,33,18,29,25,,,15,7,3,15,, ,35-54
Guadeloupe,,87,86,95,88,73,,,,,,, ,35-54
Guatemala,,1461,1389,1426,1253,1174,992,884,524,509,,,531,35-54
Guyana,,120,104,105,91,,83,52,60,67,,,63,35-54
Haiti,,,,,51,,35,,,,,, ,35-54
Honduras,,108,100,,,,,,,223,,,166,35-54
Hong Kong SAR,,1746,1904,1838,1876,1782,1609,1453,1470,1367,1477,1512,1562,35-54
Hungary,,3694,4571,5024,5678,5732,5695,5608,5055,4506,4201,4003,3828,35-54
Iceland,46,38,57,59,45,49,62,64,42,43,40,55, ,35-54
Iraq,,,,,,,,,,,,, ,35-54
Ireland,,774,850,826,749,876,806,767,772,744,719,737,733,35-54
Israel,,998,963,1015,1040,1107,924,857,783,623,557,559,645,35-54
Italy,,11754,11736,11608,12279,12668,13044,14142,14810,15687,15745,16655,17391,35-54
Jamaica,,,516,445,411,399,,,260,306,306,247, ,35-54
Japan,,17297,18332,20705,24498,27857,28644,28011,28148,28297,29272,28850,28664,35-54
Jordan,,651,491,,,,,,,,,, ,35-54
Kazakhstan,3358,3854,3824,3962,4109,4196,3867,4423,5143,4756,4641,4876, ,35-54
Kiribati,,,,,,7,4,0,4,,,, ,35-54
Kuwait,,191,151,166,116,121,95,104,,,143,170,128,35-54
Kyrgyzstan,932,874,889,855,820,701,574,616,775,757,737,742, ,35-54
Latvia,,576,689,709,702,715,803,848,972,926,950,920, ,35-54
Lithuania,892,892,985,1004,1148,1136,1154,1263,1229,1228,1240,1212, ,35-54
Luxembourg,,102,94,97,82,94,99,100,116,99,101,131,96,35-54
Macau,,,,,,,,50,,,,, ,35-54
Malaysia,,,,2401,2127,1757,1341,,,,,, ,35-54
Maldives,,,,,10,0,,,,,,, ,35-54
Malta,,74,57,74,76,92,99,83,75,71,66,81,72,35-54
Martinique,,,88,80,75,59,,,,,51,53, ,35-54
Mauritius,,231,223,204,226,164,132,137,119,122,112,113, ,35-54
Mayotte,,25,,,,,,,,,,, ,35-54
Mexico,,13738,12801,12298,11501,10716,10137,9047,8198,7675,6849,6028,5492,35-54
Monaco,,,,,,,,,,,,, ,35-54
Mongolia,,,,,,,,525,,,,, ,35-54
Montenegro,,,145,186,209,177,,,,,,, ,35-54
Montserrat,1,3,0,0,1,0,0,1,1,,,, ,35-54
Morocco,,1244,1332,,,,,,,,,, ,35-54
Netherlands,3238,3608,3785,3924,4137,4232,4114,3894,3649,3459,3448,3272,3301,35-54
Netherlands Antilles,,,,,,42,32,34,31,35,,, ,35-54
New Zealand,,889,911,829,888,882,877,830,865,784,788,746,769,35-54
Nicaragua,,529,522,421,394,362,331,286,247,195,,, ,35-54
Norway,,717,803,801,830,1004,1043,993,881,856,,, ,35-54
Occupied Palestinian Territory,,199,158,,,,,,,,,, ,35-54
Oman,,,95,,,,,,,,,, ,35-54
Panama,,495,433,328,332,292,282,,,211,199,194,174,35-54
Paraguay,,642,661,610,620,546,472,421,321,263,202,222,232,35-54
Peru,,3112,3142,2815,2588,2579,2127,1601,1119,1249,,1281, ,35-54
Philippines,,,13220,12133,11526,10578,8740,8306,,,,, ,35-54
Poland,,9569,11297,12795,13867,13976,,12343,12244,11844,11903,11480, ,35-54
Portugal,,2647,2805,,2713,2585,2551,2405,2237,2244,2373,2217, ,35-54
Puerto Rico,,521,535,556,604,592,598,564,615,540,475,433,450,35-54
Qatar,,61,59,43,,,,,,,,, ,35-54
Republic of Korea,,10412,11313,11190,11126,10997,11194,11257,11192,11215,10204,, ,35-54
Republic of Moldova,1044,1111,1221,1392,1407,1211,1126,1418,1378,1276,1153,1153, ,35-54
Reunion,,143,179,179,160,,,,,,,, ,35-54
Rodrigues,,11,6,4,,,,,,,,, ,35-54
Romania,5980,6491,7638,8152,8313,7838,7626,7322,7042,7172,6935,6611, ,35-54
Russian Federation,,,48466,50987,56022,55027,47018,51860,55270,51847,51176,55526, ,35-54
Saint Kitts and Nevis,,15,11,14,10,7,12,6,3,9,,, ,35-54
Saint Lucia,,62,28,23,30,22,27,25,20,16,,,8,35-54
Saint Pierre and Miquelon,,,1,2,,,,,,,,, ,35-54
Saint Vincent and Grenadines,35,42,27,23,14,15,17,,,,16,13, ,35-54
San Marino,3,,,,,10,4,,,,,, ,35-54
Sao Tome and Principe,,,,,,,,,,,7,, ,35-54
Saudi Arabia,,462,526,,,,,,,,,, ,35-54
Serbia,,2393,2717,3084,3192,3104,,,,,,, ,35-54
Seychelles,,25,22,14,20,,,,,,15,, ,35-54
Singapore,650,693,712,761,726,715,668,719,608,585,605,589,567,35-54
Slovakia,,1419,1612,1815,1972,2010,1886,1857,,,,, ,35-54
Slovenia,460,489,563,627,610,678,616,654,576,631,636,, ,35-54
South Africa,,9057,8756,8590,8439,7723,6909,6190,,,,, ,35-54
Spain,,10142,10077,10104,10083,9920,9860,9524,8862,8960,8551,8638, ,35-54
Sri Lanka,,,,2486,2212,2124,1768,,,,1408,1219, ,35-54
Suriname,,88,64,53,65,55,37,,34,33,41,46,47,35-54
Sweden,1083,1230,1325,1368,1470,1669,1809,1753,1710,1640,,, ,35-54
Switzerland,,1273,1303,1321,1335,1449,1561,,,,,, ,35-54
Syrian Arab Republic,,,766,535,530,763,,,,,140,, ,35-54
Tajikistan,,,,,593,425,380,442,562,571,557,562, ,35-54
TFYR Macedonia,,516,592,643,659,588,561,501,467,,,, ,35-54
Thailand,,16326,15579,15504,14367,12837,8672,9592,8348,,5107,4696,3550,35-54
Trinidad and Tobago,,,260,261,228,228,221,220,186,187,146,143,128,35-54
Tunisia,,,561,,,,,,,,,, ,35-54
Turkey,,11287,11282,,,,,,,,,, ,35-54
Turkmenistan,,859,719,628,547,503,507,498,497,545,501,572, ,35-54
Turks and Caicos Islands,,,1,4,3,1,0,0,0,0,1,, ,35-54
Ukraine,,15488,16561,17417,18772,18392,17237,19431,21545,19320,18232,19224, ,35-54
United Arab Emirates,,,,,,,,,,,,, ,35-54
United Kingdom,,11246,11221,11615,12099,13234,13586,14040,14090,14199,14171,14410,15491,35-54
United States of America,,59371,63161,64251,65352,64554,62528,60431,56831,54347,52734,52405,53733,35-54
Uruguay,,743,729,759,764,862,843,870,,953,957,962, ,35-54
Uzbekistan,,3705,3270,,2837,2671,2217,2216,2466,2482,2479,2669, ,35-54
Venezuela (Bolivarian Republic of),,4622,4262,4204,3949,3462,3205,2808,,2105,1762,1698,1615,35-54
Virgin Islands (USA),,10,23,10,12,25,21,,,,,, ,35-54
Zimbabwe,,,,,,,,,,,,, ,35-54
Albania,,,1254,1357,1456,1239,1210,805,,1091,,, ,55-74
Anguilla,,5,7,5,4,5,,1,2,4,5,, ,55-74
Antigua and Barbuda,,38,32,20,32,34,,35,20,15,33,, ,55-74
Argentina,,27512,26100,26163,25498,25199,25049,24481,23737,22756,21738,20204,21067,55-74
Armenia,2841,2764,2282,2301,2482,2418,2477,2037,2132,1623,1341,1163, ,55-74
Aruba,,64,68,62,55,23,,,,,,, ,55-74
Australia,,17066,16454,15463,15502,15510,15921,16382,15341,15053,14379,13225,11795,55-74
Austria,,8838,8160,7999,8093,8092,8539,8756,8234,8156,8488,8895, ,55-74
Azerbaijan,,,,,3273,2840,2772,2936,2497,2835,2505,2332, ,55-74
Bahamas,,163,158,128,173,101,100,112,,,102,, ,55-74
Bahrain,,106,107,99,124,106,96,,,76,56,, ,55-74
Barbados,,214,192,187,188,165,,181,173,193,176,148,171,55-74
Belarus,,,10017,,10802,12133,12839,12194,10749,9349,8005,6772, ,55-74
Belgium,,11036,11073,10913,11270,11724,12948,13539,12514,12725,12959,13016,12984,55-74
Belize,,67,64,63,58,64,56,41,22,,,21, ,55-74
Bermuda,52,51,61,51,53,65,52,62,52,44,45,, ,55-74
Bolivia,,,,,747,490,,,,,,, ,55-74
Bosnia and Herzegovina,,,,,,,,,3188,2805,2289,, ,55-74
Brazil,,87050,77190,69914,61850,56338,50835,45715,40971,37729,33926,30595,27271,55-74
British Virgin Islands,,,6,7,5,8,11,8,5,6,7,4, ,55-74
Brunei Darussalam,,108,105,103,52,89,66,,,,,, ,55-74
Bulgaria,,9747,9153,9574,8542,8415,9224,9798,8906,8628,8324,7866, ,55-74
Canada,,31799,29773,28702,28460,27924,27270,28012,26779,26209,24116,22189,19874,55-74
Cabo Verde,,,,,,,,,,,,, ,55-74
Cayman Islands,,,18,22,10,20,9,10,13,16,6,, ,55-74
Chile,,10745,9932,9201,8990,8445,7971,7496,7068,6551,6278,5911, ,55-74
Colombia,,14901,14127,13432,13012,12101,11097,10060,9529,8932,8662,, ,55-74
Costa Rica,,1717,1379,1393,1313,1193,1134,1056,975,962,899,799, ,55-74
Croatia,6476,6412,6378,6445,6701,6683,6578,6306,5713,5432,4812,, ,55-74
Cuba,,10269,9578,8845,8156,7123,6478,6211,5942,5660,5553,5293,5128,55-74
Cyprus,,553,513,460,,166,,,,,,, ,55-74
Czech Republic,14189,14518,14141,14000,14631,14382,14785,15273,14558,14560,,, ,55-74
Denmark,,7153,6823,7065,6730,6989,6998,7287,,,,, ,55-74
Dominica,,35,41,40,44,40,31,32,28,35,22,37,11,55-74
Dominican Republic,,1761,1468,1379,1447,1266,1222,858,776,696,743,618, ,55-74
Ecuador,,3684,3397,3026,2640,2699,2569,2283,2127,1993,1834,1679,1363,55-74
Egypt,,14825,12567,10680,9742,7186,,,4822,,,, ,55-74
El Salvador,,1387,1383,1314,1320,1293,1178,,814,,,430, ,55-74
Estonia,,1750,1726,1781,1828,1964,2002,2056,2018,1784,1608,1515, ,55-74
Falkland Islands (Malvinas),,,,,,,,,,,,0,5,55-74
Fiji,,322,298,279,183,,,,,,,, ,55-74
Finland,,5278,4951,4643,4601,4503,4696,4540,4585,4602,,, ,55-74
France,,61319,60829,60425,60500,61077,62809,66216,62617,59642,58669,58076,57676,55-74
French Guiana,,74,48,34,42,,,,,,,,18,55-74
Georgia,,2498,2703,2602,,2686,2248,2205,3124,3128,2818,2547, ,55-74
Germany,,94930,97663,96012,97668,100704,100022,100864,91037,,,, ,55-74
Greece,,11012,10790,10720,11104,11518,11210,10835,9947,9373,9327,8871,8679,55-74
Grenada,64,74,65,62,58,,,55,36,10,48,, ,55-74
Guadeloupe,,260,269,289,244,204,,,,,,, ,55-74
Guatemala,,3035,2831,2634,2395,2123,1822,1762,1087,999,,,860,55-74
Guyana,,189,168,135,156,,140,118,133,126,,,111,55-74
Haiti,,,,,109,,87,,,,,, ,55-74
Honduras,,178,142,,,,,,,305,,,211,55-74
Hong Kong SAR,,5262,5058,4905,4886,5121,5170,4956,4755,4613,4289,3839,3457,55-74
Hungary,,18032,16850,15821,16466,16552,17360,17422,15879,14906,14528,14900,14337,55-74
Iceland,242,230,210,217,213,222,248,181,216,203,186,186, ,55-74
Iraq,,,,,,,,,,,,, ,55-74
Ireland,,3625,3598,3426,3418,3509,3482,3607,3521,3642,3594,3416,3404,55-74
Israel,,4242,3976,3761,3759,3646,3553,3430,2897,2558,2424,2495,2577,55-74
Italy,,63883,65019,65860,68778,69674,73185,76965,71786,71460,69595,67402,64078,55-74
Jamaica,,,1288,1128,1072,1165,,,832,956,1026,809, ,55-74
Japan,,135357,136120,138778,137919,139856,135062,121224,111280,102207,94032,87461,81337,55-74
Jordan,,1224,1002,,,,,,,,,, ,55-74
Kazakhstan,8988,10178,10261,9830,10513,11290,12958,13780,12854,11725,10532,9039, ,55-74
Kiribati,,,,,,5,5,4,2,,,, ,55-74
Kuwait,,383,361,297,257,232,189,146,,,200,198,145,55-74
Kyrgyzstan,1807,1572,1544,1488,1532,1650,1721,1793,1869,1791,1649,1446, ,55-74
Latvia,,2988,3098,3230,3238,3260,3286,3403,3173,2909,2752,2545, ,55-74
Lithuania,3908,3808,4103,4255,4171,4333,4303,4447,3959,3469,3076,2820, ,55-74
Luxembourg,,401,422,396,437,475,481,437,425,470,502,544,480,55-74
Macau,,,,,,,,151,,,,, ,55-74
Malaysia,,,,3554,3067,2552,1958,,,,,, ,55-74
Maldives,,,,,23,0,,,,,,, ,55-74
Malta,,410,414,377,360,358,306,369,309,278,292,285,237,55-74
Martinique,,,263,232,268,225,,,,,221,164, ,55-74
Mauritius,,523,456,402,390,328,320,374,277,302,274,255, ,55-74
Mayotte,,23,,,,,,,,,,, ,55-74
Mexico,,30365,28215,26767,25407,23509,22168,20022,17824,16400,14715,12610,11167,55-74
Monaco,,,,,,,,,,,,, ,55-74
Mongolia,,,,,,,,1507,,,,, ,55-74
Montenegro,,,494,546,543,519,,,,,,, ,55-74
Montserrat,1,1,2,1,5,4,4,5,12,,,, ,55-74
Morocco,,2312,1989,,,,,,,,,, ,55-74
Netherlands,19891,19412,18378,17409,16792,16477,16602,16753,16233,16479,15720,15359,15033,55-74
Netherlands Antilles,,,,,,122,103,111,99,104,,, ,55-74
New Zealand,,3668,3449,3435,3395,3332,3411,3398,3373,3278,3188,3076,2849,55-74
Nicaragua,,995,934,750,697,622,507,453,412,363,,, ,55-74
Norway,,4364,4069,3950,4014,3952,4234,4353,4335,4657,,, ,55-74
Occupied Palestinian Territory,,391,303,,,,,,,,,, ,55-74
Oman,,,191,,,,,,,,,, ,55-74
Panama,,1180,986,977,851,757,613,,,564,523,541,443,55-74
Paraguay,,1507,1445,1258,1097,986,979,795,574,557,442,417,384,55-74
Peru,,7193,7154,6338,5593,5565,4783,3424,2364,3007,,2541, ,55-74
Philippines,,,22511,20120,17792,16458,13228,12285,,,,, ,55-74
Poland,,49278,47528,46621,45997,45827,,45515,42280,39245,36541,33816, ,55-74
Portugal,,10220,10066,,10021,9830,9635,9580,9113,8561,8217,7776, ,55-74
Puerto Rico,,2307,2166,2057,1940,2018,1829,1829,1802,1690,1761,1610,1476,55-74
Qatar,,103,92,69,,,,,,,,, ,55-74
Republic of Korea,,34337,34487,33904,33605,31425,29414,27420,20513,17365,14654,, ,55-74
Republic of Moldova,3634,3357,3286,2965,2636,2649,2810,3608,3348,3003,2551,2216, ,55-74
Reunion,,501,439,389,393,,,,,,,, ,55-74
Rodrigues,,11,16,20,,,,,,,,, ,55-74
Romania,27073,26257,25015,24233,23821,23495,23080,22232,18790,18061,16932,15813, ,55-74
Russian Federation,,,160243,152673,161316,178733,189951,189021,169225,157393,144257,131381, ,55-74
Saint Kitts and Nevis,,15,18,29,13,17,40,19,17,27,,, ,55-74
Saint Lucia,,81,67,78,67,66,58,52,53,50,,,20,55-74
Saint Pierre and Miquelon,,,5,11,,,,,,,,, ,55-74
Saint Vincent and Grenadines,75,48,38,41,53,54,42,,,,29,28, ,55-74
San Marino,19,,,,,25,25,,,,,, ,55-74
Sao Tome and Principe,,,,,,,,,,,15,, ,55-74
Saudi Arabia,,735,909,,,,,,,,,, ,55-74
Serbia,,11733,11441,11241,10895,10862,,,,,,, ,55-74
Seychelles,,50,37,42,54,,,,,,36,, ,55-74
Singapore,2667,2533,2201,2032,1917,1899,1951,1787,1599,1528,1521,1460,1393,55-74
Slovakia,,6700,6124,5813,5863,6099,6083,6065,,,,, ,55-74
Slovenia,2672,2558,2585,2456,2575,2437,2596,2458,2289,2028,1998,, ,55-74
South Africa,,17476,16082,15353,14890,13953,12827,11546,,,,, ,55-74
Spain,,40015,39254,39991,40915,40805,40965,41183,39029,36205,32931,30834, ,55-74
Sri Lanka,,,,5259,4257,3907,3298,,,,2033,1924, ,55-74
Suriname,,151,173,154,150,118,67,,73,66,93,101,60,55-74
Sweden,8857,8637,8666,8562,8444,8160,8365,8531,8918,9102,,, ,55-74
Switzerland,,6714,6666,6515,6545,6618,6382,,,,,, ,55-74
Syrian Arab Republic,,,1439,927,1003,1002,,,,,264,, ,55-74
Tajikistan,,,,,949,788,804,1041,1361,1249,1189,966, ,55-74
TFYR Macedonia,,2078,2041,1881,1757,1708,1606,1445,1182,,,, ,55-74
Thailand,,32364,28731,26489,24977,18498,11828,13521,11236,,6038,5191,4016,55-74
Trinidad and Tobago,,,608,564,555,539,549,502,497,524,467,410,344,55-74
Tunisia,,,1324,,,,,,,,,, ,55-74
Turkey,,34618,28724,,,,,,,,,, ,55-74
Turkmenistan,,1181,1055,812,854,940,1074,1248,1252,1314,1286,1090, ,55-74
Turks and Caicos Islands,,,3,4,2,5,2,2,1,0,5,, ,55-74
Ukraine,,53276,51887,51216,53451,60400,63538,65797,60484,55755,50168,44983, ,55-74
United Arab Emirates,,,,,,,,,,,,, ,55-74
United Kingdom,,64126,63731,63274,64350,64988,68534,75262,76471,78717,80377,79500,79845,55-74
United States of America,,264783,248740,239012,236940,239136,243060,253046,253508,248480,243168,230420,214790,55-74
Uruguay,,3163,3103,3265,3427,3402,3505,3450,,3402,3134,3028, ,55-74
Uzbekistan,,4904,4359,,4403,4643,4999,5379,5645,5681,5012,4515, ,55-74
Venezuela (Bolivarian Republic of),,10225,8971,7795,7442,6521,6154,5847,,4535,3838,3529,3278,55-74
Virgin Islands (USA),,76,51,54,52,53,53,,,,,, ,55-74
Zimbabwe,,,,,,,,,,,,, ,55-74
Albania,,,733,666,708,544,456,290,,466,,, ,75
Anguilla,,10,8,4,8,3,,3,5,3,2,, ,75
Antigua and Barbuda,,46,23,28,29,40,,33,30,12,16,, ,75
Argentina,,22510,21790,21722,20250,18908,16987,15419,14239,13136,11467,10833,10005,75
Armenia,2342,1857,1379,1187,805,501,286,271,433,468,449,371, ,75
Aruba,,53,45,48,57,24,,,,,,, ,75
Australia,,21567,20403,19220,17649,16021,13973,12942,11548,10332,8956,7640,6602,75
Austria,,9569,9545,9246,9181,8559,8229,7971,8743,8667,8164,7803, ,75
Azerbaijan,,,,,876,537,488,529,648,995,954,934, ,75
Bahamas,,111,105,80,67,61,86,69,,,41,, ,75
Bahrain,,55,39,56,52,53,37,,,30,29,, ,75
Barbados,,203,250,218,232,227,,188,196,173,140,97,106,75
Belarus,,,4433,,3886,3439,3033,2733,3362,3112,2515,2068, ,75
Belgium,,13673,13373,12661,11907,11683,11888,11351,11583,11646,11155,10566,9726,75
Belize,,48,51,52,38,37,41,17,17,,,11, ,75
Bermuda,67,64,55,42,62,61,59,38,48,43,34,, ,75
Bolivia,,,,,335,235,,,,,,, ,75
Bosnia and Herzegovina,,,,,,,,,924,935,822,, ,75
Brazil,,57786,50394,44371,35713,30106,25150,21341,18353,16222,13768,11800,9424,75
British Virgin Islands,,,12,6,14,11,12,4,2,0,2,1, ,75
Brunei Darussalam,,74,42,40,42,39,26,,,,,, ,75
Bulgaria,,5954,5259,5122,4317,3796,3397,3037,3408,3222,3148,2799, ,75
Canada,,35475,33892,31608,29759,26883,23986,21927,20232,18020,15741,13341,12182,75
Cabo Verde,,,,,,,,,,,,, ,75
Cayman Islands,,,17,23,17,10,11,10,8,13,6,, ,75
Chile,,10333,9342,8323,7439,6741,5998,5122,4579,4100,3608,3111, ,75
Colombia,,11915,11003,9969,9091,7830,6812,5806,5274,4557,4235,, ,75
Costa Rica,,1762,1462,1369,1353,1176,1000,952,801,790,657,488, ,75
Croatia,6367,5967,5415,4469,4033,3324,2751,2391,2957,2896,2533,, ,75
Cuba,,9173,8653,7761,7006,6291,5832,5534,5204,4903,4072,3451,3006,75
Cyprus,,553,499,432,,133,,,,,,, ,75
Czech Republic,10625,10621,10937,10769,10902,9930,8683,8247,9162,9158,,, ,75
Denmark,,7207,6882,7197,6766,6874,6447,6567,,,,, ,75
Dominica,,49,55,61,62,40,32,40,31,21,21,12,10,75
Dominican Republic,,1565,1387,1274,1147,840,788,585,521,449,436,360, ,75
Ecuador,,3945,3309,3112,2457,2234,2058,1757,1679,1528,1349,1061,857,75
Egypt,,4044,3394,2966,2393,1585,,,871,,,, ,75
El Salvador,,1256,1149,1137,1006,833,783,,449,,,174, ,75
Estonia,,1572,1440,1313,1084,904,798,652,762,736,713,624, ,75
Falkland Islands (Malvinas),,,,,,,,,,,,1,1,75
Fiji,,83,61,58,45,,,,,,,, ,75
Finland,,5590,5207,5208,4780,4527,4251,4116,3918,3882,,, ,75
France,,77965,75658,70802,67203,62470,61126,56854,59669,60227,55542,51059,47109,75
French Guiana,,42,44,31,22,,,,,,,,10,75
Georgia,,1364,1146,1109,,770,528,380,874,915,877,758, ,75
Germany,,107803,98724,95208,90074,88731,87636,86446,92859,,,, ,75
Greece,,14621,13969,12387,11193,9645,8836,8225,7559,7046,6212,5403,4762,75
Grenada,60,61,66,62,58,,,34,31,4,26,, ,75
Guadeloupe,,316,285,301,241,255,,,,,,, ,75
Guatemala,,2374,2164,1881,1626,1253,1044,984,610,548,,,360,75
Guyana,,107,90,102,117,,97,45,80,56,,,36,75
Haiti,,,,,84,,53,,,,,, ,75
Honduras,,89,73,,,,,,,174,,,102,75
Hong Kong SAR,,6194,5714,5194,4588,4134,3333,2706,2293,1865,1448,1124,858,75
Hungary,,11213,10781,10099,11010,10629,10015,9241,9952,9884,9135,8691,8149,75
Iceland,308,309,287,207,228,218,205,194,180,186,162,138, ,75
Iraq,,,,,,,,,,,,, ,75
Ireland,,4051,3839,3709,3335,3166,3084,2919,2837,2626,2234,1995,1875,75
Israel,,5221,4814,4655,4512,3912,3643,3221,2464,2117,1921,1517,1525,75
Italy,,92429,88848,82175,76629,69432,62852,59437,59246,53411,46108,39564,34846,75
Jamaica,,,1168,1095,1046,1065,,,651,679,655,501, ,75
Japan,,206623,187821,167642,144823,125110,108869,91483,81197,71320,60259,48840,41318,75
Jordan,,550,394,,,,,,,,,, ,75
Kazakhstan,3140,2731,2996,3441,3317,2896,2900,3325,3876,3675,3267,2820, ,75
Kiribati,,,,,,1,0,0,0,,,, ,75
Kuwait,,166,141,112,69,71,80,51,,,82,68,50,75
Kyrgyzstan,818,625,588,510,525,413,354,380,508,470,407,390, ,75
Latvia,,2393,2093,2016,1716,1505,1259,1232,1299,1327,1191,1106, ,75
Lithuania,3483,3225,2960,2776,2405,2111,1773,1546,1715,1632,1549,1410, ,75
Luxembourg,,554,498,410,426,399,380,398,404,408,375,348,277,75
Macau,,,,,,,,104,,,,, ,75
Malaysia,,,,1049,829,724,550,,,,,, ,75
Maldives,,,,,3,0,,,,,,, ,75
Malta,,420,353,319,263,256,261,230,201,140,149,149,111,75
Martinique,,,363,327,293,286,,,,,141,89, ,75
Mauritius,,274,308,232,232,182,137,133,133,89,85,78, ,75
Mayotte,,16,,,,,,,,,,, ,75
Mexico,,22645,20791,19498,17865,15736,14106,12836,11700,10926,9284,7299,6288,75
Monaco,,,,,,,,,,,,, ,75
Mongolia,,,,,,,,447,,,,, ,75
Montenegro,,,238,232,193,164,,,,,,, ,75
Montserrat,5,4,3,0,5,1,5,5,9,,,, ,75
Morocco,,985,828,,,,,,,,,, ,75
Netherlands,20725,20017,18817,17794,16870,16571,15950,15354,15218,14920,13497,12609,11193,75
Netherlands Antilles,,,,,,97,62,71,78,63,,, ,75
New Zealand,,4113,3876,3607,3526,3271,2829,2792,2385,2256,1999,1715,1562,75
Nicaragua,,758,609,512,465,379,317,271,201,200,,, ,75
Norway,,5635,5586,5599,5549,5377,5237,4875,4443,4344,,, ,75
Occupied Palestinian Territory,,272,176,,,,,,,,,, ,75
Oman,,,67,,,,,,,,,, ,75
Panama,,1088,884,859,788,661,566,,,351,268,257,209,75
Paraguay,,1041,982,901,750,621,543,469,335,280,237,207,185,75
Peru,,7000,6491,5589,4503,4275,3322,2299,1512,1894,,1523, ,75
Philippines,,,8006,6860,6123,5473,4229,3746,,,,, ,75
Poland,,34923,33456,31109,27296,23551,,17044,17623,17964,16512,14250, ,75
Portugal,,12637,11279,,9648,8706,7888,6780,6418,5890,4975,4173, ,75
Puerto Rico,,2513,2299,2104,2102,1994,1987,1815,1745,1398,1313,1116,1045,75
Qatar,,39,26,26,,,,,,,,, ,75
Republic of Korea,,27961,22785,19051,16836,13371,9363,7738,4177,3234,2532,, ,75
Republic of Moldova,1214,1132,992,889,716,510,529,663,765,676,512,421, ,75
Reunion,,381,308,294,267,,,,,,,, ,75
Rodrigues,,15,9,5,,,,,,,,, ,75
Romania,17362,15392,13683,11716,10142,8437,6940,5729,5961,5661,5411,4859, ,75
Russian Federation,,,76131,74105,64713,55037,48847,51741,57445,53235,44095,38636, ,75
Saint Kitts and Nevis,,26,27,31,20,20,21,19,19,18,,, ,75
Saint Lucia,,99,67,65,67,42,47,41,24,37,,,10,75
Saint Pierre and Miquelon,,,4,5,,,,,,,,, ,75
Saint Vincent and Grenadines,67,35,45,51,50,39,36,,,,23,18, ,75
San Marino,32,,,,,29,21,,,,,, ,75
Sao Tome and Principe,,,,,,,,,,,5,, ,75
Saudi Arabia,,571,269,,,,,,,,,, ,75
Serbia,,6945,6631,5654,4521,3629,,,,,,, ,75
Seychelles,,33,44,44,21,,,,,,16,, ,75
Singapore,2235,1959,1732,1537,1249,1354,1179,976,857,664,589,439,380,75
Slovakia,,4564,3937,3866,3542,3573,2978,2546,,,,, ,75
Slovenia,2986,2691,2556,2146,1827,1587,1506,1229,1377,1280,1224,, ,75
South Africa,,7958,7494,6944,6584,6092,5540,4741,,,,, ,75
Spain,,55801,51194,47184,44317,39972,36164,33139,29329,26982,23320,19920, ,75
Sri Lanka,,,,1919,1398,1132,814,,,,451,418, ,75
Suriname,,98,88,99,68,47,31,,52,40,38,44,35,75
Sweden,12309,12050,11552,11880,11528,11129,10992,9689,9543,9269,,, ,75
Switzerland,,8389,7951,7703,7403,7278,7064,,,,,, ,75
Syrian Arab Republic,,,671,484,389,315,,,,,70,, ,75
Tajikistan,,,,,314,227,170,231,388,480,406,336, ,75
TFYR Macedonia,,1025,930,794,657,597,493,419,378,,,, ,75
Thailand,,12099,9212,7102,7146,3325,1683,1948,1610,,960,885,621,75
Trinidad and Tobago,,,450,440,475,380,414,397,289,272,242,184,167,75
Tunisia,,,977,,,,,,,,,, ,75
Turkey,,19635,15854,,,,,,,,,, ,75
Turkmenistan,,250,314,224,213,189,230,261,330,348,308,313, ,75
Turks and Caicos Islands,,,3,2,1,2,1,1,0,0,5,, ,75
Ukraine,,21389,17352,18691,17888,15872,13730,15406,18994,18359,14199,12020, ,75
United Arab Emirates,,,,,,,,,,,,, ,75
United Kingdom,,85402,80246,78208,76882,71390,70256,67454,69387,65539,60850,51534,47205,75
United States of America,,251861,249178,249963,247663,242235,226167,212391,195455,173363,156141,141099,125220,75
Uruguay,,3445,3358,3166,3107,2919,2840,2552,,2412,2183,1842, ,75
Uzbekistan,,1343,1235,,1137,1124,992,1239,1640,1928,1771,1609, ,75
Venezuela (Bolivarian Republic of),,6576,5758,5251,4611,4038,3468,3096,,2200,1770,1647,1396,75
Virgin Islands (USA),,66,36,43,47,52,44,,,,,, ,75
Zimbabwe,,,,,,,,,,,,, ,75
